[{"pk": 4, "model": "contenttypes.contenttype", "fields": {"model": "contenttype", "name": "content type", "app_label": "contenttypes"}}, {"pk": 2, "model": "contenttypes.contenttype", "fields": {"model": "group", "name": "group", "app_label": "auth"}}, {"pk": 7, "model": "contenttypes.contenttype", "fields": {"model": "logentry", "name": "log entry", "app_label": "admin"}}, {"pk": 1, "model": "contenttypes.contenttype", "fields": {"model": "permission", "name": "permission", "app_label": "auth"}}, {"pk": 5, "model": "contenttypes.contenttype", "fields": {"model": "session", "name": "session", "app_label": "sessions"}}, {"pk": 6, "model": "contenttypes.contenttype", "fields": {"model": "site", "name": "site", "app_label": "sites"}}, {"pk": 3, "model": "contenttypes.contenttype", "fields": {"model": "user", "name": "user", "app_label": "auth"}}, {"pk": 15, "model": "contenttypes.contenttype", "fields": {"model": "userfollow", "name": "\u4e70\u624b\u5173\u6ce8", "app_label": "follow"}}, {"pk": 10, "model": "contenttypes.contenttype", "fields": {"model": "link", "name": "\u4ea7\u54c1\u94fe\u63a5", "app_label": "post"}}, {"pk": 8, "model": "contenttypes.contenttype", "fields": {"model": "post", "name": "\u5e16\u5b50", "app_label": "post"}}, {"pk": 13, "model": "contenttypes.contenttype", "fields": {"model": "posttag", "name": "\u5e16\u5b50\u6807\u7b7e", "app_label": "tag"}}, {"pk": 17, "model": "contenttypes.contenttype", "fields": {"model": "advertisement", "name": "\u5e7f\u544a", "app_label": "advertisement"}}, {"pk": 12, "model": "contenttypes.contenttype", "fields": {"model": "tag", "name": "\u6807\u7b7e", "app_label": "tag"}}, {"pk": 16, "model": "contenttypes.contenttype", "fields": {"model": "tagfollow", "name": "\u6807\u7b7e\u5173\u6ce8", "app_label": "follow"}}, {"pk": 11, "model": "contenttypes.contenttype", "fields": {"model": "comment", "name": "\u8bc4\u8bba", "app_label": "comment"}}, {"pk": 14, "model": "contenttypes.contenttype", "fields": {"model": "commenttag", "name": "\u8bc4\u8bba\u6807\u7b7e", "app_label": "tag"}}, {"pk": 9, "model": "contenttypes.contenttype", "fields": {"model": "attachment", "name": "\u9644\u4ef6", "app_label": "post"}}, {"pk": "569713057c4e71068067d90c56e3757e", "model": "sessions.session", "fields": {"expire_date": "2013-04-16T17:01:48", "session_data": "NWVkOWFmYmEwMGU5YWEyNjFkNDMwNWU2NjZhOTQxNTdjNWIwZDA1NDqAAn1xAShVEl9hdXRoX3Vz\nZXJfYmFja2VuZHECVSlkamFuZ28uY29udHJpYi5hdXRoLmJhY2tlbmRzLk1vZGVsQmFja2VuZHED\nVQ1fYXV0aF91c2VyX2lkcQSKAQF1Lg==\n"}}, {"pk": "915ec6f8d15439d6aba5e07c76fc9427", "model": "sessions.session", "fields": {"expire_date": "2013-04-08T10:00:31", "session_data": "NWVkOWFmYmEwMGU5YWEyNjFkNDMwNWU2NjZhOTQxNTdjNWIwZDA1NDqAAn1xAShVEl9hdXRoX3Vz\nZXJfYmFja2VuZHECVSlkamFuZ28uY29udHJpYi5hdXRoLmJhY2tlbmRzLk1vZGVsQmFja2VuZHED\nVQ1fYXV0aF91c2VyX2lkcQSKAQF1Lg==\n"}}, {"pk": 1, "model": "sites.site", "fields": {"domain": "example.com", "name": "example.com"}}, {"pk": 1, "model": "post.attachment", "fields": {"post": 2, "file": "attachments/pic_2.png"}}, {"pk": 1, "model": "tag.tag", "fields": {"name": "1"}}, {"pk": 19, "model": "auth.permission", "fields": {"codename": "add_logentry", "name": "Can add log entry", "content_type": 7}}, {"pk": 20, "model": "auth.permission", "fields": {"codename": "change_logentry", "name": "Can change log entry", "content_type": 7}}, {"pk": 21, "model": "auth.permission", "fields": {"codename": "delete_logentry", "name": "Can delete log entry", "content_type": 7}}, {"pk": 49, "model": "auth.permission", "fields": {"codename": "add_advertisement", "name": "Can add \u5e7f\u544a", "content_type": 17}}, {"pk": 50, "model": "auth.permission", "fields": {"codename": "change_advertisement", "name": "Can change \u5e7f\u544a", "content_type": 17}}, {"pk": 51, "model": "auth.permission", "fields": {"codename": "delete_advertisement", "name": "Can delete \u5e7f\u544a", "content_type": 17}}, {"pk": 4, "model": "auth.permission", "fields": {"codename": "add_group", "name": "Can add group", "content_type": 2}}, {"pk": 5, "model": "auth.permission", "fields": {"codename": "change_group", "name": "Can change group", "content_type": 2}}, {"pk": 6, "model": "auth.permission", "fields": {"codename": "delete_group", "name": "Can delete group", "content_type": 2}}, {"pk": 1, "model": "auth.permission", "fields": {"codename": "add_permission", "name": "Can add permission", "content_type": 1}}, {"pk": 2, "model": "auth.permission", "fields": {"codename": "change_permission", "name": "Can change permission", "content_type": 1}}, {"pk": 3, "model": "auth.permission", "fields": {"codename": "delete_permission", "name": "Can delete permission", "content_type": 1}}, {"pk": 7, "model": "auth.permission", "fields": {"codename": "add_user", "name": "Can add user", "content_type": 3}}, {"pk": 8, "model": "auth.permission", "fields": {"codename": "change_user", "name": "Can change user", "content_type": 3}}, {"pk": 9, "model": "auth.permission", "fields": {"codename": "delete_user", "name": "Can delete user", "content_type": 3}}, {"pk": 31, "model": "auth.permission", "fields": {"codename": "add_comment", "name": "Can add \u8bc4\u8bba", "content_type": 11}}, {"pk": 32, "model": "auth.permission", "fields": {"codename": "change_comment", "name": "Can change \u8bc4\u8bba", "content_type": 11}}, {"pk": 33, "model": "auth.permission", "fields": {"codename": "delete_comment", "name": "Can delete \u8bc4\u8bba", "content_type": 11}}, {"pk": 10, "model": "auth.permission", "fields": {"codename": "add_contenttype", "name": "Can add content type", "content_type": 4}}, {"pk": 11, "model": "auth.permission", "fields": {"codename": "change_contenttype", "name": "Can change content type", "content_type": 4}}, {"pk": 12, "model": "auth.permission", "fields": {"codename": "delete_contenttype", "name": "Can delete content type", "content_type": 4}}, {"pk": 46, "model": "auth.permission", "fields": {"codename": "add_tagfollow", "name": "Can add \u6807\u7b7e\u5173\u6ce8", "content_type": 16}}, {"pk": 47, "model": "auth.permission", "fields": {"codename": "change_tagfollow", "name": "Can change \u6807\u7b7e\u5173\u6ce8", "content_type": 16}}, {"pk": 48, "model": "auth.permission", "fields": {"codename": "delete_tagfollow", "name": "Can delete \u6807\u7b7e\u5173\u6ce8", "content_type": 16}}, {"pk": 43, "model": "auth.permission", "fields": {"codename": "add_userfollow", "name": "Can add \u4e70\u624b\u5173\u6ce8", "content_type": 15}}, {"pk": 44, "model": "auth.permission", "fields": {"codename": "change_userfollow", "name": "Can change \u4e70\u624b\u5173\u6ce8", "content_type": 15}}, {"pk": 45, "model": "auth.permission", "fields": {"codename": "delete_userfollow", "name": "Can delete \u4e70\u624b\u5173\u6ce8", "content_type": 15}}, {"pk": 25, "model": "auth.permission", "fields": {"codename": "add_attachment", "name": "Can add \u9644\u4ef6", "content_type": 9}}, {"pk": 26, "model": "auth.permission", "fields": {"codename": "change_attachment", "name": "Can change \u9644\u4ef6", "content_type": 9}}, {"pk": 27, "model": "auth.permission", "fields": {"codename": "delete_attachment", "name": "Can delete \u9644\u4ef6", "content_type": 9}}, {"pk": 28, "model": "auth.permission", "fields": {"codename": "add_link", "name": "Can add \u4ea7\u54c1\u94fe\u63a5", "content_type": 10}}, {"pk": 29, "model": "auth.permission", "fields": {"codename": "change_link", "name": "Can change \u4ea7\u54c1\u94fe\u63a5", "content_type": 10}}, {"pk": 30, "model": "auth.permission", "fields": {"codename": "delete_link", "name": "Can delete \u4ea7\u54c1\u94fe\u63a5", "content_type": 10}}, {"pk": 22, "model": "auth.permission", "fields": {"codename": "add_post", "name": "Can add \u5e16\u5b50", "content_type": 8}}, {"pk": 23, "model": "auth.permission", "fields": {"codename": "change_post", "name": "Can change \u5e16\u5b50", "content_type": 8}}, {"pk": 24, "model": "auth.permission", "fields": {"codename": "delete_post", "name": "Can delete \u5e16\u5b50", "content_type": 8}}, {"pk": 13, "model": "auth.permission", "fields": {"codename": "add_session", "name": "Can add session", "content_type": 5}}, {"pk": 14, "model": "auth.permission", "fields": {"codename": "change_session", "name": "Can change session", "content_type": 5}}, {"pk": 15, "model": "auth.permission", "fields": {"codename": "delete_session", "name": "Can delete session", "content_type": 5}}, {"pk": 16, "model": "auth.permission", "fields": {"codename": "add_site", "name": "Can add site", "content_type": 6}}, {"pk": 17, "model": "auth.permission", "fields": {"codename": "change_site", "name": "Can change site", "content_type": 6}}, {"pk": 18, "model": "auth.permission", "fields": {"codename": "delete_site", "name": "Can delete site", "content_type": 6}}, {"pk": 40, "model": "auth.permission", "fields": {"codename": "add_commenttag", "name": "Can add \u8bc4\u8bba\u6807\u7b7e", "content_type": 14}}, {"pk": 41, "model": "auth.permission", "fields": {"codename": "change_commenttag", "name": "Can change \u8bc4\u8bba\u6807\u7b7e", "content_type": 14}}, {"pk": 42, "model": "auth.permission", "fields": {"codename": "delete_commenttag", "name": "Can delete \u8bc4\u8bba\u6807\u7b7e", "content_type": 14}}, {"pk": 37, "model": "auth.permission", "fields": {"codename": "add_posttag", "name": "Can add \u5e16\u5b50\u6807\u7b7e", "content_type": 13}}, {"pk": 38, "model": "auth.permission", "fields": {"codename": "change_posttag", "name": "Can change \u5e16\u5b50\u6807\u7b7e", "content_type": 13}}, {"pk": 39, "model": "auth.permission", "fields": {"codename": "delete_posttag", "name": "Can delete \u5e16\u5b50\u6807\u7b7e", "content_type": 13}}, {"pk": 34, "model": "auth.permission", "fields": {"codename": "add_tag", "name": "Can add \u6807\u7b7e", "content_type": 12}}, {"pk": 35, "model": "auth.permission", "fields": {"codename": "change_tag", "name": "Can change \u6807\u7b7e", "content_type": 12}}, {"pk": 36, "model": "auth.permission", "fields": {"codename": "delete_tag", "name": "Can delete \u6807\u7b7e", "content_type": 12}}, {"pk": 1, "model": "auth.user", "fields": {"username": "test", "first_name": "", "last_name": "", "is_active": true, "is_superuser": true, "is_staff": true, "last_login": "2013-04-02T17:01:48", "groups": [], "user_permissions": [], "password": "pbkdf2_sha256$10000$P8L7PnCTq7Ea$r0IxM/0FZ+wh/7IPIR2XmUdVYetfQR/eQjcqXbO6COE=", "email": "test@qq.com", "date_joined": "2013-03-25T09:59:52"}}, {"pk": 2, "model": "auth.user", "fields": {"username": "test2", "first_name": "", "last_name": "", "is_active": true, "is_superuser": true, "is_staff": true, "last_login": "2013-04-02T14:05:58", "groups": [], "user_permissions": [], "password": "pbkdf2_sha256$10000$419xLlkMddz5$y9E6yaTuPuOIGjpkwUBr0GvUiJU0pyWnzuyxQ/nPueA=", "email": "", "date_joined": "2013-04-02T14:05:58"}}, {"pk": 3, "model": "auth.user", "fields": {"username": "test3", "first_name": "", "last_name": "", "is_active": true, "is_superuser": true, "is_staff": true, "last_login": "2013-04-02T14:06:15", "groups": [], "user_permissions": [], "password": "pbkdf2_sha256$10000$JHN42RwAvKfj$55pBJsOI3vWlodQiv2X3b9AMS0fmHaAZTKMzYElRBjs=", "email": "", "date_joined": "2013-04-02T14:06:15"}}, {"pk": 4, "model": "auth.user", "fields": {"username": "test4", "first_name": "", "last_name": "", "is_active": true, "is_superuser": true, "is_staff": true, "last_login": "2013-04-02T14:06:27", "groups": [], "user_permissions": [], "password": "pbkdf2_sha256$10000$YVxzpBz4sqdq$+bxpAE7qzjM/nh4WLXtms0AzCNa5Nde//J5Lwqbv+gU=", "email": "", "date_joined": "2013-04-02T14:06:27"}}, {"pk": 5, "model": "auth.user", "fields": {"username": "test5", "first_name": "", "last_name": "", "is_active": true, "is_superuser": true, "is_staff": true, "last_login": "2013-04-02T14:06:50", "groups": [], "user_permissions": [], "password": "pbkdf2_sha256$10000$wqtwWAXmNtvg$ETSUPZ3Ke18PkDHLejWlm8f8Nib/r98hSxMEMG7t8BQ=", "email": "", "date_joined": "2013-04-02T14:06:50"}}, {"pk": 81, "model": "admin.logentry", "fields": {"action_flag": 1, "action_time": "2013-04-02T17:18:37", "object_repr": "test5: \u5e38\u5403\u6cb9\u6761\u6613\u60a3\u8111\u762b", "object_id": "332", "change_message": "", "user": 1, "content_type": 8}}, {"pk": 80, "model": "admin.logentry", "fields": {"action_flag": 1, "action_time": "2013-04-02T17:17:51", "object_repr": "test5: \u516d\u79cd\u4e8b\u7269\u9632\u6b62\u5fc3\u810f\u75c5", "object_id": "331", "change_message": "", "user": 1, "content_type": 8}}, {"pk": 79, "model": "admin.logentry", "fields": {"action_flag": 1, "action_time": "2013-04-02T17:17:03", "object_repr": "test5: \u6625\u5929\u6e05\u80a0\u9632\u4fbf\u79d8", "object_id": "330", "change_message": "", "user": 1, "content_type": 8}}, {"pk": 78, "model": "admin.logentry", "fields": {"action_flag": 1, "action_time": "2013-04-02T17:16:07", "object_repr": "test5: \u665a\u4e0a\u559d\u9178\u5976\u66f4\u8865\u9499", "object_id": "329", "change_message": "", "user": 1, "content_type": 8}}, {"pk": 77, "model": "admin.logentry", "fields": {"action_flag": 1, "action_time": "2013-04-02T17:15:23", "object_repr": "test4: \u591a\u5403\u6c34\u679c\u63d0\u9ad8\u514d\u75ab\u529b", "object_id": "328", "change_message": "", "user": 1, "content_type": 8}}, {"pk": 76, "model": "admin.logentry", "fields": {"action_flag": 1, "action_time": "2013-04-02T17:14:43", "object_repr": "test4: \u751c\u54c1\u63a7\u7684\u7626\u8eab\u98df\u8c31", "object_id": "327", "change_message": "", "user": 1, "content_type": 8}}, {"pk": 75, "model": "admin.logentry", "fields": {"action_flag": 1, "action_time": "2013-04-02T17:13:47", "object_repr": "test4: \u6d0b\u8471\u8d8a\u62c9\u8d8a\u5065\u5eb7", "object_id": "326", "change_message": "", "user": 1, "content_type": 8}}, {"pk": 74, "model": "admin.logentry", "fields": {"action_flag": 1, "action_time": "2013-04-02T17:12:59", "object_repr": "test4: \u4e0d\u540c\u4e8b\u7269\u653e\u51b0\u7bb1\u4e0d\u540c\u5c42", "object_id": "325", "change_message": "", "user": 1, "content_type": 8}}, {"pk": 73, "model": "admin.logentry", "fields": {"action_flag": 1, "action_time": "2013-04-02T17:12:16", "object_repr": "test4: \u5b69\u5b50\u5c11\u5403\u852c\u83dc\u5bb9\u6613\u60a3\u8fd1\u89c6", "object_id": "324", "change_message": "", "user": 1, "content_type": 8}}, {"pk": 72, "model": "admin.logentry", "fields": {"action_flag": 1, "action_time": "2013-04-02T17:11:19", "object_repr": "test3: \u5b55\u5987\u5403\u4ec0\u4e48\u5b9d\u5b9d\u806a\u660e", "object_id": "323", "change_message": "", "user": 1, "content_type": 8}}, {"pk": 71, "model": "admin.logentry", "fields": {"action_flag": 1, "action_time": "2013-04-02T17:10:34", "object_repr": "test3: \u4e00\u5b9a\u8981\u5c11\u7ed9\u5b69\u5b50\u5403\u201c\u635f\u8111\u98df\u54c1\u201d", "object_id": "322", "change_message": "", "user": 1, "content_type": 8}}, {"pk": 70, "model": "admin.logentry", "fields": {"action_flag": 1, "action_time": "2013-04-02T17:09:47", "object_repr": "test3: \u4e0d\u5403\u4e3b\u98df\u7b49\u4e8e\u6162\u6027\u81ea\u6740", "object_id": "321", "change_message": "", "user": 1, "content_type": 8}}, {"pk": 69, "model": "admin.logentry", "fields": {"action_flag": 1, "action_time": "2013-04-02T17:09:12", "object_repr": "test3: \u6625\u5b63\u517b\u809d\u98df\u8c31", "object_id": "320", "change_message": "", "user": 1, "content_type": 8}}, {"pk": 68, "model": "admin.logentry", "fields": {"action_flag": 1, "action_time": "2013-04-02T17:08:16", "object_repr": "test3: \u4e09\u53f6\u4ed9\u8349\u9752\u56e2", "object_id": "319", "change_message": "", "user": 1, "content_type": 8}}, {"pk": 67, "model": "admin.logentry", "fields": {"action_flag": 1, "action_time": "2013-04-02T17:07:14", "object_repr": "test2: \u6912\u76d0\u624b\u6293\u997c", "object_id": "318", "change_message": "", "user": 1, "content_type": 8}}, {"pk": 66, "model": "admin.logentry", "fields": {"action_flag": 1, "action_time": "2013-04-02T17:06:32", "object_repr": "test2: \u591a\u5403\u9c7c\u7c7b\u53ef\u8ba9\u5b69\u5b50\u957f\u5f97\u66f4\u9ad8", "object_id": "317", "change_message": "", "user": 1, "content_type": 8}}, {"pk": 65, "model": "admin.logentry", "fields": {"action_flag": 1, "action_time": "2013-04-02T17:06:00", "object_repr": "test2: \u78a7\u7389\u8150\u76ae\u5377", "object_id": "316", "change_message": "", "user": 1, "content_type": 8}}, {"pk": 64, "model": "admin.logentry", "fields": {"action_flag": 1, "action_time": "2013-04-02T17:05:17", "object_repr": "test2: \u6e05\u660e\u65f6\u8282\u5403\u4ec0\u4e48", "object_id": "315", "change_message": "", "user": 1, "content_type": 8}}, {"pk": 63, "model": "admin.logentry", "fields": {"action_flag": 1, "action_time": "2013-04-02T17:04:04", "object_repr": "test2: \u6c5f\u8fb9\u57ce\u5916\u70e4\u9c7c\u597d\u5403", "object_id": "314", "change_message": "", "user": 1, "content_type": 8}}, {"pk": 62, "model": "admin.logentry", "fields": {"action_flag": 1, "action_time": "2013-04-02T14:06:50", "object_repr": "test5", "object_id": "5", "change_message": "", "user": 1, "content_type": 3}}, {"pk": 61, "model": "admin.logentry", "fields": {"action_flag": 1, "action_time": "2013-04-02T14:06:28", "object_repr": "test4", "object_id": "4", "change_message": "", "user": 1, "content_type": 3}}, {"pk": 60, "model": "admin.logentry", "fields": {"action_flag": 1, "action_time": "2013-04-02T14:06:16", "object_repr": "test3", "object_id": "3", "change_message": "", "user": 1, "content_type": 3}}, {"pk": 59, "model": "admin.logentry", "fields": {"action_flag": 1, "action_time": "2013-04-02T14:05:58", "object_repr": "test2", "object_id": "2", "change_message": "", "user": 1, "content_type": 3}}, {"pk": 58, "model": "admin.logentry", "fields": {"action_flag": 2, "action_time": "2013-04-01T10:36:42", "object_repr": "test: aaaaa122221", "object_id": "1", "change_message": "\u5df2\u4fee\u6539 text \u3002", "user": 1, "content_type": 8}}, {"pk": 57, "model": "admin.logentry", "fields": {"action_flag": 2, "action_time": "2013-03-29T15:27:03", "object_repr": "test: aaaaa122221", "object_id": "1", "change_message": "\u5df2\u4fee\u6539 text \u3002", "user": 1, "content_type": 8}}, {"pk": 56, "model": "admin.logentry", "fields": {"action_flag": 2, "action_time": "2013-03-29T15:09:56", "object_repr": "test: aaaaa122221", "object_id": "1", "change_message": "\u5df2\u4fee\u6539 text \u3002", "user": 1, "content_type": 8}}, {"pk": 55, "model": "admin.logentry", "fields": {"action_flag": 2, "action_time": "2013-03-29T14:58:32", "object_repr": "test: aaaaa122221", "object_id": "1", "change_message": "\u5df2\u4fee\u6539 text \u3002", "user": 1, "content_type": 8}}, {"pk": 54, "model": "admin.logentry", "fields": {"action_flag": 2, "action_time": "2013-03-29T14:25:38", "object_repr": "test: aaaaa122221", "object_id": "1", "change_message": "\u5df2\u4fee\u6539 text \u3002", "user": 1, "content_type": 8}}, {"pk": 53, "model": "admin.logentry", "fields": {"action_flag": 2, "action_time": "2013-03-29T14:14:14", "object_repr": "test: aaaaa122221", "object_id": "1", "change_message": "\u5df2\u4fee\u6539 text \u3002", "user": 1, "content_type": 8}}, {"pk": 52, "model": "admin.logentry", "fields": {"action_flag": 2, "action_time": "2013-03-29T14:08:00", "object_repr": "test: aaaaa122221", "object_id": "1", "change_message": "\u5df2\u4fee\u6539 text \u3002", "user": 1, "content_type": 8}}, {"pk": 51, "model": "admin.logentry", "fields": {"action_flag": 2, "action_time": "2013-03-29T14:00:42", "object_repr": "test: aaaaa122221", "object_id": "1", "change_message": "\u5df2\u4fee\u6539 text \u3002", "user": 1, "content_type": 8}}, {"pk": 50, "model": "admin.logentry", "fields": {"action_flag": 2, "action_time": "2013-03-29T13:45:35", "object_repr": "2013-03-29 13:45:35.839341: advertisement/slide_pic2_1.jpg", "object_id": "5", "change_message": "\u5df2\u4fee\u6539 image \u3002", "user": 1, "content_type": 17}}, {"pk": 49, "model": "admin.logentry", "fields": {"action_flag": 2, "action_time": "2013-03-29T13:45:19", "object_repr": "2013-03-29 13:45:19.220481: advertisement/slide_pic1_1.jpg", "object_id": "4", "change_message": "\u5df2\u4fee\u6539 image \u3002", "user": 1, "content_type": 17}}, {"pk": 48, "model": "admin.logentry", "fields": {"action_flag": 2, "action_time": "2013-03-29T13:45:06", "object_repr": "2013-03-29 13:45:06.859208: advertisement/slide_pic2.jpg", "object_id": "3", "change_message": "\u5df2\u4fee\u6539 image \u3002", "user": 1, "content_type": 17}}, {"pk": 47, "model": "admin.logentry", "fields": {"action_flag": 2, "action_time": "2013-03-29T13:44:55", "object_repr": "2013-03-29 13:44:55.805567: advertisement/slide_pic1.jpg", "object_id": "2", "change_message": "\u5df2\u4fee\u6539 image \u3002", "user": 1, "content_type": 17}}, {"pk": 46, "model": "admin.logentry", "fields": {"action_flag": 2, "action_time": "2013-03-29T13:43:47", "object_repr": "2013-03-29 13:43:47.428855: advertisement/pic_4_\u526f\u672c.jpg", "object_id": "2", "change_message": "\u5df2\u4fee\u6539 image \u3002", "user": 1, "content_type": 17}}, {"pk": 45, "model": "admin.logentry", "fields": {"action_flag": 2, "action_time": "2013-03-29T13:29:46", "object_repr": "test: aaaaa122221", "object_id": "1", "change_message": "\u5df2\u4fee\u6539 text \u3002", "user": 1, "content_type": 8}}, {"pk": 44, "model": "admin.logentry", "fields": {"action_flag": 2, "action_time": "2013-03-29T13:29:31", "object_repr": "test: aaaaa122221", "object_id": "1", "change_message": "\u5df2\u4fee\u6539 text \u3002", "user": 1, "content_type": 8}}, {"pk": 43, "model": "admin.logentry", "fields": {"action_flag": 2, "action_time": "2013-03-29T11:20:40", "object_repr": "test: aaaaa122221", "object_id": "1", "change_message": "\u5df2\u4fee\u6539 text \u3002", "user": 1, "content_type": 8}}, {"pk": 42, "model": "admin.logentry", "fields": {"action_flag": 2, "action_time": "2013-03-29T11:20:07", "object_repr": "test: aaaaa122221", "object_id": "1", "change_message": "\u5df2\u4fee\u6539 text \u3002", "user": 1, "content_type": 8}}, {"pk": 41, "model": "admin.logentry", "fields": {"action_flag": 2, "action_time": "2013-03-29T11:09:29", "object_repr": "test: aaaaa122221", "object_id": "1", "change_message": "\u5df2\u4fee\u6539 text \u3002", "user": 1, "content_type": 8}}, {"pk": 40, "model": "admin.logentry", "fields": {"action_flag": 2, "action_time": "2013-03-29T11:03:26", "object_repr": "test: aaaaa122221", "object_id": "1", "change_message": "\u5df2\u4fee\u6539 text \u3002", "user": 1, "content_type": 8}}, {"pk": 39, "model": "admin.logentry", "fields": {"action_flag": 2, "action_time": "2013-03-29T11:01:35", "object_repr": "test: aaaaa122221", "object_id": "1", "change_message": "\u5df2\u4fee\u6539 text \u3002", "user": 1, "content_type": 8}}, {"pk": 38, "model": "admin.logentry", "fields": {"action_flag": 2, "action_time": "2013-03-29T11:01:25", "object_repr": "test: aaaaa122221", "object_id": "1", "change_message": "\u5df2\u4fee\u6539 text \u3002", "user": 1, "content_type": 8}}, {"pk": 37, "model": "admin.logentry", "fields": {"action_flag": 2, "action_time": "2013-03-29T10:58:40", "object_repr": "test: aaaaa122221", "object_id": "1", "change_message": "\u5df2\u4fee\u6539 text \u3002", "user": 1, "content_type": 8}}, {"pk": 36, "model": "admin.logentry", "fields": {"action_flag": 2, "action_time": "2013-03-29T10:58:03", "object_repr": "test: aaaaa122221", "object_id": "1", "change_message": "\u5df2\u4fee\u6539 text \u3002", "user": 1, "content_type": 8}}, {"pk": 35, "model": "admin.logentry", "fields": {"action_flag": 2, "action_time": "2013-03-29T10:39:42", "object_repr": "test: aaaaa", "object_id": "3", "change_message": "\u6ca1\u6709\u5b57\u6bb5\u88ab\u4fee\u6539\u3002", "user": 1, "content_type": 8}}, {"pk": 34, "model": "admin.logentry", "fields": {"action_flag": 1, "action_time": "2013-03-25T15:03:26", "object_repr": "test: cccccccccc", "object_id": "3", "change_message": "", "user": 1, "content_type": 11}}, {"pk": 33, "model": "admin.logentry", "fields": {"action_flag": 1, "action_time": "2013-03-25T15:02:14", "object_repr": "test: bbbbbbbbbb", "object_id": "2", "change_message": "", "user": 1, "content_type": 11}}, {"pk": 32, "model": "admin.logentry", "fields": {"action_flag": 1, "action_time": "2013-03-25T15:02:06", "object_repr": "test: aaaaaaaaaa", "object_id": "1", "change_message": "", "user": 1, "content_type": 11}}, {"pk": 31, "model": "admin.logentry", "fields": {"action_flag": 2, "action_time": "2013-03-25T14:23:54", "object_repr": "2013-03-25 14:23:54.620544: advertisement/pic1_1.jpg", "object_id": "2", "change_message": "\u5df2\u4fee\u6539 image \u3002", "user": 1, "content_type": 17}}, {"pk": 30, "model": "admin.logentry", "fields": {"action_flag": 1, "action_time": "2013-03-25T14:22:56", "object_repr": "2013-03-25 14:22:56.099675: advertisement/pic4.jpg", "object_id": "5", "change_message": "", "user": 1, "content_type": 17}}, {"pk": 29, "model": "admin.logentry", "fields": {"action_flag": 1, "action_time": "2013-03-25T14:22:44", "object_repr": "2013-03-25 14:22:44.972224: advertisement/pic3.jpg", "object_id": "4", "change_message": "", "user": 1, "content_type": 17}}, {"pk": 28, "model": "admin.logentry", "fields": {"action_flag": 1, "action_time": "2013-03-25T14:22:34", "object_repr": "2013-03-25 14:22:34.573909: advertisement/pic2.jpg", "object_id": "3", "change_message": "", "user": 1, "content_type": 17}}, {"pk": 27, "model": "admin.logentry", "fields": {"action_flag": 2, "action_time": "2013-03-25T14:21:52", "object_repr": "2013-03-25 14:21:52.916146: advertisement/pic1.jpg", "object_id": "2", "change_message": "\u5df2\u4fee\u6539 image \u3002", "user": 1, "content_type": 17}}, {"pk": 26, "model": "admin.logentry", "fields": {"action_flag": 1, "action_time": "2013-03-25T14:14:36", "object_repr": "\u5e16\u5b5012222: attachments/pic_2.png", "object_id": "1", "change_message": "", "user": 1, "content_type": 9}}, {"pk": 25, "model": "admin.logentry", "fields": {"action_flag": 1, "action_time": "2013-03-25T14:14:19", "object_repr": "2013-03-25 14:14:19.502174: advertisement/menu_bg_1.png", "object_id": "2", "change_message": "", "user": 1, "content_type": 17}}, {"pk": 24, "model": "admin.logentry", "fields": {"action_flag": 2, "action_time": "2013-03-25T13:55:54", "object_repr": "test: \u5e16\u5b5012", "object_id": "13", "change_message": "\u5df2\u4fee\u6539 cover_image \u3002", "user": 1, "content_type": 8}}, {"pk": 23, "model": "admin.logentry", "fields": {"action_flag": 1, "action_time": "2013-03-25T13:25:24", "object_repr": "test: \u5e16\u5b5012", "object_id": "13", "change_message": "", "user": 1, "content_type": 8}}, {"pk": 22, "model": "admin.logentry", "fields": {"action_flag": 2, "action_time": "2013-03-25T13:24:25", "object_repr": "test: \u5e16\u5b501", "object_id": "1", "change_message": "\u6ca1\u6709\u5b57\u6bb5\u88ab\u4fee\u6539\u3002", "user": 1, "content_type": 8}}, {"pk": 21, "model": "admin.logentry", "fields": {"action_flag": 3, "action_time": "2013-03-25T13:00:41", "object_repr": "test: \u5e16\u5b5011", "object_id": "12", "change_message": "", "user": 1, "content_type": 8}}, {"pk": 20, "model": "admin.logentry", "fields": {"action_flag": 1, "action_time": "2013-03-25T12:51:54", "object_repr": "test: \u5e16\u5b5011", "object_id": "12", "change_message": "", "user": 1, "content_type": 8}}, {"pk": 19, "model": "admin.logentry", "fields": {"action_flag": 1, "action_time": "2013-03-25T12:51:43", "object_repr": "test: \u5e16\u5b5010", "object_id": "11", "change_message": "", "user": 1, "content_type": 8}}, {"pk": 18, "model": "admin.logentry", "fields": {"action_flag": 1, "action_time": "2013-03-25T12:51:26", "object_repr": "test: \u5e16\u5b509", "object_id": "10", "change_message": "", "user": 1, "content_type": 8}}, {"pk": 17, "model": "admin.logentry", "fields": {"action_flag": 1, "action_time": "2013-03-25T12:51:11", "object_repr": "test: \u5e16\u5b508", "object_id": "9", "change_message": "", "user": 1, "content_type": 8}}, {"pk": 16, "model": "admin.logentry", "fields": {"action_flag": 1, "action_time": "2013-03-25T12:50:57", "object_repr": "test: \u5e16\u5b507", "object_id": "8", "change_message": "", "user": 1, "content_type": 8}}, {"pk": 15, "model": "admin.logentry", "fields": {"action_flag": 1, "action_time": "2013-03-25T12:50:21", "object_repr": "test: \u5e16\u5b506", "object_id": "7", "change_message": "", "user": 1, "content_type": 8}}, {"pk": 14, "model": "admin.logentry", "fields": {"action_flag": 1, "action_time": "2013-03-25T12:50:10", "object_repr": "test: \u5e16\u5b505", "object_id": "6", "change_message": "", "user": 1, "content_type": 8}}, {"pk": 13, "model": "admin.logentry", "fields": {"action_flag": 1, "action_time": "2013-03-25T12:48:56", "object_repr": "test: \u5e16\u5b504", "object_id": "5", "change_message": "", "user": 1, "content_type": 8}}, {"pk": 12, "model": "admin.logentry", "fields": {"action_flag": 1, "action_time": "2013-03-25T12:48:19", "object_repr": "test: \u5e16\u5b503", "object_id": "4", "change_message": "", "user": 1, "content_type": 8}}, {"pk": 11, "model": "admin.logentry", "fields": {"action_flag": 2, "action_time": "2013-03-25T12:46:33", "object_repr": "test: \u5e16\u5b5012222", "object_id": "2", "change_message": "\u5df2\u4fee\u6539 cover_image \u3002", "user": 1, "content_type": 8}}, {"pk": 10, "model": "admin.logentry", "fields": {"action_flag": 2, "action_time": "2013-03-25T12:46:27", "object_repr": "test: \u5e16\u5b501", "object_id": "1", "change_message": "\u5df2\u4fee\u6539 cover_image \u3002", "user": 1, "content_type": 8}}, {"pk": 9, "model": "admin.logentry", "fields": {"action_flag": 1, "action_time": "2013-03-25T12:45:20", "object_repr": "test: aaaaa", "object_id": "3", "change_message": "", "user": 1, "content_type": 8}}, {"pk": 8, "model": "admin.logentry", "fields": {"action_flag": 2, "action_time": "2013-03-25T12:39:14", "object_repr": "test: \u5e16\u5b5012222", "object_id": "2", "change_message": "\u6ca1\u6709\u5b57\u6bb5\u88ab\u4fee\u6539\u3002", "user": 1, "content_type": 8}}, {"pk": 7, "model": "admin.logentry", "fields": {"action_flag": 1, "action_time": "2013-03-25T12:38:04", "object_repr": "test: \u5e16\u5b5012222", "object_id": "2", "change_message": "", "user": 1, "content_type": 8}}, {"pk": 6, "model": "admin.logentry", "fields": {"action_flag": 2, "action_time": "2013-03-25T11:32:12", "object_repr": "test: \u5e16\u5b501", "object_id": "1", "change_message": "\u5df2\u4fee\u6539 cover_image \u3002", "user": 1, "content_type": 8}}, {"pk": 5, "model": "admin.logentry", "fields": {"action_flag": 2, "action_time": "2013-03-25T11:27:38", "object_repr": "test: \u5e16\u5b501", "object_id": "1", "change_message": "\u5df2\u4fee\u6539 title \u548c text \u3002", "user": 1, "content_type": 8}}, {"pk": 4, "model": "admin.logentry", "fields": {"action_flag": 2, "action_time": "2013-03-25T11:19:13", "object_repr": "test: 1", "object_id": "1", "change_message": "\u5df2\u4fee\u6539 cover_image \u3002", "user": 1, "content_type": 8}}, {"pk": 3, "model": "admin.logentry", "fields": {"action_flag": 2, "action_time": "2013-03-25T11:18:27", "object_repr": "test: 1", "object_id": "1", "change_message": "\u5df2\u4fee\u6539 cover_image \u3002", "user": 1, "content_type": 8}}, {"pk": 2, "model": "admin.logentry", "fields": {"action_flag": 2, "action_time": "2013-03-25T11:17:10", "object_repr": "test: 1", "object_id": "1", "change_message": "\u5df2\u4fee\u6539 cover_image \u3002", "user": 1, "content_type": 8}}, {"pk": 1, "model": "admin.logentry", "fields": {"action_flag": 1, "action_time": "2013-03-25T11:15:32", "object_repr": "test: 1", "object_id": "1", "change_message": "", "user": 1, "content_type": 8}}, {"pk": 1, "model": "post.post", "fields": {"cover_image": "covers/pic_1.png", "title": "aaaaa122221", "author": 1, "text": "<h2>\r\n\t\u8fd9\u4e2a\u4e1c\u897f\u633a\u597d\u5403\u7684\u3002<br />\r\n<strong>\u4ee5\u4e0b\u4ecb\u7ecd\uff1aXXXXXXXXXXX</strong><img src=\"/static/upload/20130329142536658.jpg\" alt=\"\" /><img src=\"/static/upload/20130329152658307.jpg\" alt=\"\" /><img src=\"/static/upload/20130401103639100.jpg\" alt=\"\" /><strong></strong> \r\n</h2>", "time": "2013-04-01T10:36:42"}}, {"pk": 2, "model": "post.post", "fields": {"cover_image": "covers/pic_2.png", "title": "\u5e16\u5b5012222", "author": 1, "text": "222222", "time": "2013-03-25T12:46:33"}}, {"pk": 3, "model": "post.post", "fields": {"cover_image": "covers/pic.png", "title": "aaaaa", "author": 1, "text": "41414141414", "time": "2013-03-29T10:39:42"}}, {"pk": 4, "model": "post.post", "fields": {"cover_image": "covers/pic_3.png", "title": "\u5e16\u5b503", "author": 1, "text": "22222", "time": "2013-03-25T12:48:19"}}, {"pk": 5, "model": "post.post", "fields": {"cover_image": "covers/pic_4.png", "title": "\u5e16\u5b504", "author": 1, "text": "\u5e16\u5b50444444444", "time": "2013-03-25T12:48:56"}}, {"pk": 6, "model": "post.post", "fields": {"cover_image": "covers/pic_5.png", "title": "\u5e16\u5b505", "author": 1, "text": "2212121221212", "time": "2013-03-25T12:50:10"}}, {"pk": 7, "model": "post.post", "fields": {"cover_image": "covers/pic_6.png", "title": "\u5e16\u5b506", "author": 1, "text": "213141414444444444444", "time": "2013-03-25T12:50:21"}}, {"pk": 8, "model": "post.post", "fields": {"cover_image": "covers/pic_7.png", "title": "\u5e16\u5b507", "author": 1, "text": "\u5e16\u5b5077777777777777777777", "time": "2013-03-25T12:50:57"}}, {"pk": 9, "model": "post.post", "fields": {"cover_image": "covers/pic_8.png", "title": "\u5e16\u5b508", "author": 1, "text": "\u5e16\u5b508888888888888888888", "time": "2013-03-25T12:51:11"}}, {"pk": 10, "model": "post.post", "fields": {"cover_image": "covers/pic_9.png", "title": "\u5e16\u5b509", "author": 1, "text": "\u5e16\u5b50999999999999999999999999999", "time": "2013-03-25T12:51:26"}}, {"pk": 11, "model": "post.post", "fields": {"cover_image": "covers/pic_10.png", "title": "\u5e16\u5b5010", "author": 1, "text": "\u5e16\u5b5010", "time": "2013-03-25T12:51:43"}}, {"pk": 13, "model": "post.post", "fields": {"cover_image": "covers/pic_2_1.png", "title": "\u5e16\u5b5012", "author": 1, "text": "212121212", "time": "2013-03-25T13:55:54"}}, {"pk": 14, "model": "post.post", "fields": {"cover_image": "covers/pic_3.png", "title": "\u6d4b\u8bd50", "author": 1, "text": "test", "time": "2013-03-26T10:51:39"}}, {"pk": 15, "model": "post.post", "fields": {"cover_image": "covers/pic_3.png", "title": "\u6d4b\u8bd51", "author": 1, "text": "test", "time": "2013-03-26T10:51:39"}}, {"pk": 16, "model": "post.post", "fields": {"cover_image": "covers/pic_3.png", "title": "\u6d4b\u8bd52", "author": 1, "text": "test", "time": "2013-03-26T10:51:39"}}, {"pk": 17, "model": "post.post", "fields": {"cover_image": "covers/pic_3.png", "title": "\u6d4b\u8bd53", "author": 1, "text": "test", "time": "2013-03-26T10:51:39"}}, {"pk": 18, "model": "post.post", "fields": {"cover_image": "covers/pic_3.png", "title": "\u6d4b\u8bd54", "author": 1, "text": "test", "time": "2013-03-26T10:51:39"}}, {"pk": 19, "model": "post.post", "fields": {"cover_image": "covers/pic_3.png", "title": "\u6d4b\u8bd55", "author": 1, "text": "test", "time": "2013-03-26T10:51:39"}}, {"pk": 20, "model": "post.post", "fields": {"cover_image": "covers/pic_3.png", "title": "\u6d4b\u8bd56", "author": 1, "text": "test", "time": "2013-03-26T10:51:39"}}, {"pk": 21, "model": "post.post", "fields": {"cover_image": "covers/pic_3.png", "title": "\u6d4b\u8bd57", "author": 1, "text": "test", "time": "2013-03-26T10:51:39"}}, {"pk": 22, "model": "post.post", "fields": {"cover_image": "covers/pic_3.png", "title": "\u6d4b\u8bd58", "author": 1, "text": "test", "time": "2013-03-26T10:51:39"}}, {"pk": 23, "model": "post.post", "fields": {"cover_image": "covers/pic_3.png", "title": "\u6d4b\u8bd59", "author": 1, "text": "test", "time": "2013-03-26T10:51:39"}}, {"pk": 24, "model": "post.post", "fields": {"cover_image": "covers/pic_3.png", "title": "\u6d4b\u8bd510", "author": 1, "text": "test", "time": "2013-03-26T10:51:39"}}, {"pk": 25, "model": "post.post", "fields": {"cover_image": "covers/pic_3.png", "title": "\u6d4b\u8bd511", "author": 1, "text": "test", "time": "2013-03-26T10:51:39"}}, {"pk": 26, "model": "post.post", "fields": {"cover_image": "covers/pic_3.png", "title": "\u6d4b\u8bd512", "author": 1, "text": "test", "time": "2013-03-26T10:51:39"}}, {"pk": 27, "model": "post.post", "fields": {"cover_image": "covers/pic_3.png", "title": "\u6d4b\u8bd513", "author": 1, "text": "test", "time": "2013-03-26T10:51:39"}}, {"pk": 28, "model": "post.post", "fields": {"cover_image": "covers/pic_3.png", "title": "\u6d4b\u8bd514", "author": 1, "text": "test", "time": "2013-03-26T10:51:39"}}, {"pk": 29, "model": "post.post", "fields": {"cover_image": "covers/pic_3.png", "title": "\u6d4b\u8bd515", "author": 1, "text": "test", "time": "2013-03-26T10:51:39"}}, {"pk": 30, "model": "post.post", "fields": {"cover_image": "covers/pic_3.png", "title": "\u6d4b\u8bd516", "author": 1, "text": "test", "time": "2013-03-26T10:51:39"}}, {"pk": 31, "model": "post.post", "fields": {"cover_image": "covers/pic_3.png", "title": "\u6d4b\u8bd517", "author": 1, "text": "test", "time": "2013-03-26T10:51:39"}}, {"pk": 32, "model": "post.post", "fields": {"cover_image": "covers/pic_3.png", "title": "\u6d4b\u8bd518", "author": 1, "text": "test", "time": "2013-03-26T10:51:39"}}, {"pk": 33, "model": "post.post", "fields": {"cover_image": "covers/pic_3.png", "title": "\u6d4b\u8bd519", "author": 1, "text": "test", "time": "2013-03-26T10:51:39"}}, {"pk": 34, "model": "post.post", "fields": {"cover_image": "covers/pic_3.png", "title": "\u6d4b\u8bd520", "author": 1, "text": "test", "time": "2013-03-26T10:51:39"}}, {"pk": 35, "model": "post.post", "fields": {"cover_image": "covers/pic_3.png", "title": "\u6d4b\u8bd521", "author": 1, "text": "test", "time": "2013-03-26T10:51:39"}}, {"pk": 36, "model": "post.post", "fields": {"cover_image": "covers/pic_3.png", "title": "\u6d4b\u8bd522", "author": 1, "text": "test", "time": "2013-03-26T10:51:39"}}, {"pk": 37, "model": "post.post", "fields": {"cover_image": "covers/pic_3.png", "title": "\u6d4b\u8bd523", "author": 1, "text": "test", "time": "2013-03-26T10:51:39"}}, {"pk": 38, "model": "post.post", "fields": {"cover_image": "covers/pic_3.png", "title": "\u6d4b\u8bd524", "author": 1, "text": "test", "time": "2013-03-26T10:51:39"}}, {"pk": 39, "model": "post.post", "fields": {"cover_image": "covers/pic_3.png", "title": "\u6d4b\u8bd525", "author": 1, "text": "test", "time": "2013-03-26T10:51:39"}}, {"pk": 40, "model": "post.post", "fields": {"cover_image": "covers/pic_3.png", "title": "\u6d4b\u8bd526", "author": 1, "text": "test", "time": "2013-03-26T10:51:39"}}, {"pk": 41, "model": "post.post", "fields": {"cover_image": "covers/pic_3.png", "title": "\u6d4b\u8bd527", "author": 1, "text": "test", "time": "2013-03-26T10:51:39"}}, {"pk": 42, "model": "post.post", "fields": {"cover_image": "covers/pic_3.png", "title": "\u6d4b\u8bd528", "author": 1, "text": "test", "time": "2013-03-26T10:51:39"}}, {"pk": 43, "model": "post.post", "fields": {"cover_image": "covers/pic_3.png", "title": "\u6d4b\u8bd529", "author": 1, "text": "test", "time": "2013-03-26T10:51:39"}}, {"pk": 44, "model": "post.post", "fields": {"cover_image": "covers/pic_3.png", "title": "\u6d4b\u8bd530", "author": 1, "text": "test", "time": "2013-03-26T10:51:39"}}, {"pk": 45, "model": "post.post", "fields": {"cover_image": "covers/pic_3.png", "title": "\u6d4b\u8bd531", "author": 1, "text": "test", "time": "2013-03-26T10:51:39"}}, {"pk": 46, "model": "post.post", "fields": {"cover_image": "covers/pic_3.png", "title": "\u6d4b\u8bd532", "author": 1, "text": "test", "time": "2013-03-26T10:51:39"}}, {"pk": 47, "model": "post.post", "fields": {"cover_image": "covers/pic_3.png", "title": "\u6d4b\u8bd533", "author": 1, "text": "test", "time": "2013-03-26T10:51:39"}}, {"pk": 48, "model": "post.post", "fields": {"cover_image": "covers/pic_3.png", "title": "\u6d4b\u8bd534", "author": 1, "text": "test", "time": "2013-03-26T10:51:39"}}, {"pk": 49, "model": "post.post", "fields": {"cover_image": "covers/pic_3.png", "title": "\u6d4b\u8bd535", "author": 1, "text": "test", "time": "2013-03-26T10:51:39"}}, {"pk": 50, "model": "post.post", "fields": {"cover_image": "covers/pic_3.png", "title": "\u6d4b\u8bd536", "author": 1, "text": "test", "time": "2013-03-26T10:51:39"}}, {"pk": 51, "model": "post.post", "fields": {"cover_image": "covers/pic_3.png", "title": "\u6d4b\u8bd537", "author": 1, "text": "test", "time": "2013-03-26T10:51:39"}}, {"pk": 52, "model": "post.post", "fields": {"cover_image": "covers/pic_3.png", "title": "\u6d4b\u8bd538", "author": 1, "text": "test", "time": "2013-03-26T10:51:39"}}, {"pk": 53, "model": "post.post", "fields": {"cover_image": "covers/pic_3.png", "title": "\u6d4b\u8bd539", "author": 1, "text": "test", "time": "2013-03-26T10:51:39"}}, {"pk": 54, "model": "post.post", "fields": {"cover_image": "covers/pic_3.png", "title": "\u6d4b\u8bd540", "author": 1, "text": "test", "time": "2013-03-26T10:51:39"}}, {"pk": 55, "model": "post.post", "fields": {"cover_image": "covers/pic_3.png", "title": "\u6d4b\u8bd541", "author": 1, "text": "test", "time": "2013-03-26T10:51:39"}}, {"pk": 56, "model": "post.post", "fields": {"cover_image": "covers/pic_3.png", "title": "\u6d4b\u8bd542", "author": 1, "text": "test", "time": "2013-03-26T10:51:39"}}, {"pk": 57, "model": "post.post", "fields": {"cover_image": "covers/pic_3.png", "title": "\u6d4b\u8bd543", "author": 1, "text": "test", "time": "2013-03-26T10:51:39"}}, {"pk": 58, "model": "post.post", "fields": {"cover_image": "covers/pic_3.png", "title": "\u6d4b\u8bd544", "author": 1, "text": "test", "time": "2013-03-26T10:51:39"}}, {"pk": 59, "model": "post.post", "fields": {"cover_image": "covers/pic_3.png", "title": "\u6d4b\u8bd545", "author": 1, "text": "test", "time": "2013-03-26T10:51:39"}}, {"pk": 60, "model": "post.post", "fields": {"cover_image": "covers/pic_3.png", "title": "\u6d4b\u8bd546", "author": 1, "text": "test", "time": "2013-03-26T10:51:39"}}, {"pk": 61, "model": "post.post", "fields": {"cover_image": "covers/pic_3.png", "title": "\u6d4b\u8bd547", "author": 1, "text": "test", "time": "2013-03-26T10:51:39"}}, {"pk": 62, "model": "post.post", "fields": {"cover_image": "covers/pic_3.png", "title": "\u6d4b\u8bd548", "author": 1, "text": "test", "time": "2013-03-26T10:51:39"}}, {"pk": 63, "model": "post.post", "fields": {"cover_image": "covers/pic_3.png", "title": "\u6d4b\u8bd549", "author": 1, "text": "test", "time": "2013-03-26T10:51:39"}}, {"pk": 64, "model": "post.post", "fields": {"cover_image": "covers/pic_3.png", "title": "\u6d4b\u8bd550", "author": 1, "text": "test", "time": "2013-03-26T10:51:39"}}, {"pk": 65, "model": "post.post", "fields": {"cover_image": "covers/pic_3.png", "title": "\u6d4b\u8bd551", "author": 1, "text": "test", "time": "2013-03-26T10:51:39"}}, {"pk": 66, "model": "post.post", "fields": {"cover_image": "covers/pic_3.png", "title": "\u6d4b\u8bd552", "author": 1, "text": "test", "time": "2013-03-26T10:51:39"}}, {"pk": 67, "model": "post.post", "fields": {"cover_image": "covers/pic_3.png", "title": "\u6d4b\u8bd553", "author": 1, "text": "test", "time": "2013-03-26T10:51:39"}}, {"pk": 68, "model": "post.post", "fields": {"cover_image": "covers/pic_3.png", "title": "\u6d4b\u8bd554", "author": 1, "text": "test", "time": "2013-03-26T10:51:39"}}, {"pk": 69, "model": "post.post", "fields": {"cover_image": "covers/pic_3.png", "title": "\u6d4b\u8bd555", "author": 1, "text": "test", "time": "2013-03-26T10:51:39"}}, {"pk": 70, "model": "post.post", "fields": {"cover_image": "covers/pic_3.png", "title": "\u6d4b\u8bd556", "author": 1, "text": "test", "time": "2013-03-26T10:51:39"}}, {"pk": 71, "model": "post.post", "fields": {"cover_image": "covers/pic_3.png", "title": "\u6d4b\u8bd557", "author": 1, "text": "test", "time": "2013-03-26T10:51:39"}}, {"pk": 72, "model": "post.post", "fields": {"cover_image": "covers/pic_3.png", "title": "\u6d4b\u8bd558", "author": 1, "text": "test", "time": "2013-03-26T10:51:39"}}, {"pk": 73, "model": "post.post", "fields": {"cover_image": "covers/pic_3.png", "title": "\u6d4b\u8bd559", "author": 1, "text": "test", "time": "2013-03-26T10:51:39"}}, {"pk": 74, "model": "post.post", "fields": {"cover_image": "covers/pic_3.png", "title": "\u6d4b\u8bd560", "author": 1, "text": "test", "time": "2013-03-26T10:51:39"}}, {"pk": 75, "model": "post.post", "fields": {"cover_image": "covers/pic_3.png", "title": "\u6d4b\u8bd561", "author": 1, "text": "test", "time": "2013-03-26T10:51:39"}}, {"pk": 76, "model": "post.post", "fields": {"cover_image": "covers/pic_3.png", "title": "\u6d4b\u8bd562", "author": 1, "text": "test", "time": "2013-03-26T10:51:39"}}, {"pk": 77, "model": "post.post", "fields": {"cover_image": "covers/pic_3.png", "title": "\u6d4b\u8bd563", "author": 1, "text": "test", "time": "2013-03-26T10:51:39"}}, {"pk": 78, "model": "post.post", "fields": {"cover_image": "covers/pic_3.png", "title": "\u6d4b\u8bd564", "author": 1, "text": "test", "time": "2013-03-26T10:51:39"}}, {"pk": 79, "model": "post.post", "fields": {"cover_image": "covers/pic_3.png", "title": "\u6d4b\u8bd565", "author": 1, "text": "test", "time": "2013-03-26T10:51:39"}}, {"pk": 80, "model": "post.post", "fields": {"cover_image": "covers/pic_3.png", "title": "\u6d4b\u8bd566", "author": 1, "text": "test", "time": "2013-03-26T10:51:39"}}, {"pk": 81, "model": "post.post", "fields": {"cover_image": "covers/pic_3.png", "title": "\u6d4b\u8bd567", "author": 1, "text": "test", "time": "2013-03-26T10:51:39"}}, {"pk": 82, "model": "post.post", "fields": {"cover_image": "covers/pic_3.png", "title": "\u6d4b\u8bd568", "author": 1, "text": "test", "time": "2013-03-26T10:51:39"}}, {"pk": 83, "model": "post.post", "fields": {"cover_image": "covers/pic_3.png", "title": "\u6d4b\u8bd569", "author": 1, "text": "test", "time": "2013-03-26T10:51:39"}}, {"pk": 84, "model": "post.post", "fields": {"cover_image": "covers/pic_3.png", "title": "\u6d4b\u8bd570", "author": 1, "text": "test", "time": "2013-03-26T10:51:39"}}, {"pk": 85, "model": "post.post", "fields": {"cover_image": "covers/pic_3.png", "title": "\u6d4b\u8bd571", "author": 1, "text": "test", "time": "2013-03-26T10:51:39"}}, {"pk": 86, "model": "post.post", "fields": {"cover_image": "covers/pic_3.png", "title": "\u6d4b\u8bd572", "author": 1, "text": "test", "time": "2013-03-26T10:51:39"}}, {"pk": 87, "model": "post.post", "fields": {"cover_image": "covers/pic_3.png", "title": "\u6d4b\u8bd573", "author": 1, "text": "test", "time": "2013-03-26T10:51:39"}}, {"pk": 88, "model": "post.post", "fields": {"cover_image": "covers/pic_3.png", "title": "\u6d4b\u8bd574", "author": 1, "text": "test", "time": "2013-03-26T10:51:39"}}, {"pk": 89, "model": "post.post", "fields": {"cover_image": "covers/pic_3.png", "title": "\u6d4b\u8bd575", "author": 1, "text": "test", "time": "2013-03-26T10:51:39"}}, {"pk": 90, "model": "post.post", "fields": {"cover_image": "covers/pic_3.png", "title": "\u6d4b\u8bd576", "author": 1, "text": "test", "time": "2013-03-26T10:51:39"}}, {"pk": 91, "model": "post.post", "fields": {"cover_image": "covers/pic_3.png", "title": "\u6d4b\u8bd577", "author": 1, "text": "test", "time": "2013-03-26T10:51:39"}}, {"pk": 92, "model": "post.post", "fields": {"cover_image": "covers/pic_3.png", "title": "\u6d4b\u8bd578", "author": 1, "text": "test", "time": "2013-03-26T10:51:39"}}, {"pk": 93, "model": "post.post", "fields": {"cover_image": "covers/pic_3.png", "title": "\u6d4b\u8bd579", "author": 1, "text": "test", "time": "2013-03-26T10:51:39"}}, {"pk": 94, "model": "post.post", "fields": {"cover_image": "covers/pic_3.png", "title": "\u6d4b\u8bd580", "author": 1, "text": "test", "time": "2013-03-26T10:51:39"}}, {"pk": 95, "model": "post.post", "fields": {"cover_image": "covers/pic_3.png", "title": "\u6d4b\u8bd581", "author": 1, "text": "test", "time": "2013-03-26T10:51:39"}}, {"pk": 96, "model": "post.post", "fields": {"cover_image": "covers/pic_3.png", "title": "\u6d4b\u8bd582", "author": 1, "text": "test", "time": "2013-03-26T10:51:39"}}, {"pk": 97, "model": "post.post", "fields": {"cover_image": "covers/pic_3.png", "title": "\u6d4b\u8bd583", "author": 1, "text": "test", "time": "2013-03-26T10:51:39"}}, {"pk": 98, "model": "post.post", "fields": {"cover_image": "covers/pic_3.png", "title": "\u6d4b\u8bd584", "author": 1, "text": "test", "time": "2013-03-26T10:51:39"}}, {"pk": 99, "model": "post.post", "fields": {"cover_image": "covers/pic_3.png", "title": "\u6d4b\u8bd585", "author": 1, "text": "test", "time": "2013-03-26T10:51:39"}}, {"pk": 100, "model": "post.post", "fields": {"cover_image": "covers/pic_3.png", "title": "\u6d4b\u8bd586", "author": 1, "text": "test", "time": "2013-03-26T10:51:39"}}, {"pk": 101, "model": "post.post", "fields": {"cover_image": "covers/pic_3.png", "title": "\u6d4b\u8bd587", "author": 1, "text": "test", "time": "2013-03-26T10:51:39"}}, {"pk": 102, "model": "post.post", "fields": {"cover_image": "covers/pic_3.png", "title": "\u6d4b\u8bd588", "author": 1, "text": "test", "time": "2013-03-26T10:51:39"}}, {"pk": 103, "model": "post.post", "fields": {"cover_image": "covers/pic_3.png", "title": "\u6d4b\u8bd589", "author": 1, "text": "test", "time": "2013-03-26T10:51:39"}}, {"pk": 104, "model": "post.post", "fields": {"cover_image": "covers/pic_3.png", "title": "\u6d4b\u8bd590", "author": 1, "text": "test", "time": "2013-03-26T10:51:39"}}, {"pk": 105, "model": "post.post", "fields": {"cover_image": "covers/pic_3.png", "title": "\u6d4b\u8bd591", "author": 1, "text": "test", "time": "2013-03-26T10:51:39"}}, {"pk": 106, "model": "post.post", "fields": {"cover_image": "covers/pic_3.png", "title": "\u6d4b\u8bd592", "author": 1, "text": "test", "time": "2013-03-26T10:51:39"}}, {"pk": 107, "model": "post.post", "fields": {"cover_image": "covers/pic_3.png", "title": "\u6d4b\u8bd593", "author": 1, "text": "test", "time": "2013-03-26T10:51:39"}}, {"pk": 108, "model": "post.post", "fields": {"cover_image": "covers/pic_3.png", "title": "\u6d4b\u8bd594", "author": 1, "text": "test", "time": "2013-03-26T10:51:39"}}, {"pk": 109, "model": "post.post", "fields": {"cover_image": "covers/pic_3.png", "title": "\u6d4b\u8bd595", "author": 1, "text": "test", "time": "2013-03-26T10:51:39"}}, {"pk": 110, "model": "post.post", "fields": {"cover_image": "covers/pic_3.png", "title": "\u6d4b\u8bd596", "author": 1, "text": "test", "time": "2013-03-26T10:51:39"}}, {"pk": 111, "model": "post.post", "fields": {"cover_image": "covers/pic_3.png", "title": "\u6d4b\u8bd597", "author": 1, "text": "test", "time": "2013-03-26T10:51:39"}}, {"pk": 112, "model": "post.post", "fields": {"cover_image": "covers/pic_3.png", "title": "\u6d4b\u8bd598", "author": 1, "text": "test", "time": "2013-03-26T10:51:39"}}, {"pk": 113, "model": "post.post", "fields": {"cover_image": "covers/pic_3.png", "title": "\u6d4b\u8bd599", "author": 1, "text": "test", "time": "2013-03-26T10:51:39"}}, {"pk": 114, "model": "post.post", "fields": {"cover_image": "covers/pic_3.png", "title": "\u6d4b\u8bd5100", "author": 1, "text": "test", "time": "2013-03-26T10:51:39"}}, {"pk": 115, "model": "post.post", "fields": {"cover_image": "covers/pic_3.png", "title": "\u6d4b\u8bd5101", "author": 1, "text": "test", "time": "2013-03-26T10:51:39"}}, {"pk": 116, "model": "post.post", "fields": {"cover_image": "covers/pic_3.png", "title": "\u6d4b\u8bd5102", "author": 1, "text": "test", "time": "2013-03-26T10:51:39"}}, {"pk": 117, "model": "post.post", "fields": {"cover_image": "covers/pic_3.png", "title": "\u6d4b\u8bd5103", "author": 1, "text": "test", "time": "2013-03-26T10:51:39"}}, {"pk": 118, "model": "post.post", "fields": {"cover_image": "covers/pic_3.png", "title": "\u6d4b\u8bd5104", "author": 1, "text": "test", "time": "2013-03-26T10:51:39"}}, {"pk": 119, "model": "post.post", "fields": {"cover_image": "covers/pic_3.png", "title": "\u6d4b\u8bd5105", "author": 1, "text": "test", "time": "2013-03-26T10:51:39"}}, {"pk": 120, "model": "post.post", "fields": {"cover_image": "covers/pic_3.png", "title": "\u6d4b\u8bd5106", "author": 1, "text": "test", "time": "2013-03-26T10:51:39"}}, {"pk": 121, "model": "post.post", "fields": {"cover_image": "covers/pic_3.png", "title": "\u6d4b\u8bd5107", "author": 1, "text": "test", "time": "2013-03-26T10:51:39"}}, {"pk": 122, "model": "post.post", "fields": {"cover_image": "covers/pic_3.png", "title": "\u6d4b\u8bd5108", "author": 1, "text": "test", "time": "2013-03-26T10:51:39"}}, {"pk": 123, "model": "post.post", "fields": {"cover_image": "covers/pic_3.png", "title": "\u6d4b\u8bd5109", "author": 1, "text": "test", "time": "2013-03-26T10:51:39"}}, {"pk": 124, "model": "post.post", "fields": {"cover_image": "covers/pic_3.png", "title": "\u6d4b\u8bd5110", "author": 1, "text": "test", "time": "2013-03-26T10:51:39"}}, {"pk": 125, "model": "post.post", "fields": {"cover_image": "covers/pic_3.png", "title": "\u6d4b\u8bd5111", "author": 1, "text": "test", "time": "2013-03-26T10:51:39"}}, {"pk": 126, "model": "post.post", "fields": {"cover_image": "covers/pic_3.png", "title": "\u6d4b\u8bd5112", "author": 1, "text": "test", "time": "2013-03-26T10:51:39"}}, {"pk": 127, "model": "post.post", "fields": {"cover_image": "covers/pic_3.png", "title": "\u6d4b\u8bd5113", "author": 1, "text": "test", "time": "2013-03-26T10:51:39"}}, {"pk": 128, "model": "post.post", "fields": {"cover_image": "covers/pic_3.png", "title": "\u6d4b\u8bd5114", "author": 1, "text": "test", "time": "2013-03-26T10:51:39"}}, {"pk": 129, "model": "post.post", "fields": {"cover_image": "covers/pic_3.png", "title": "\u6d4b\u8bd5115", "author": 1, "text": "test", "time": "2013-03-26T10:51:39"}}, {"pk": 130, "model": "post.post", "fields": {"cover_image": "covers/pic_3.png", "title": "\u6d4b\u8bd5116", "author": 1, "text": "test", "time": "2013-03-26T10:51:39"}}, {"pk": 131, "model": "post.post", "fields": {"cover_image": "covers/pic_3.png", "title": "\u6d4b\u8bd5117", "author": 1, "text": "test", "time": "2013-03-26T10:51:39"}}, {"pk": 132, "model": "post.post", "fields": {"cover_image": "covers/pic_3.png", "title": "\u6d4b\u8bd5118", "author": 1, "text": "test", "time": "2013-03-26T10:51:39"}}, {"pk": 133, "model": "post.post", "fields": {"cover_image": "covers/pic_3.png", "title": "\u6d4b\u8bd5119", "author": 1, "text": "test", "time": "2013-03-26T10:51:39"}}, {"pk": 134, "model": "post.post", "fields": {"cover_image": "covers/pic_3.png", "title": "\u6d4b\u8bd5120", "author": 1, "text": "test", "time": "2013-03-26T10:51:39"}}, {"pk": 135, "model": "post.post", "fields": {"cover_image": "covers/pic_3.png", "title": "\u6d4b\u8bd5121", "author": 1, "text": "test", "time": "2013-03-26T10:51:39"}}, {"pk": 136, "model": "post.post", "fields": {"cover_image": "covers/pic_3.png", "title": "\u6d4b\u8bd5122", "author": 1, "text": "test", "time": "2013-03-26T10:51:39"}}, {"pk": 137, "model": "post.post", "fields": {"cover_image": "covers/pic_3.png", "title": "\u6d4b\u8bd5123", "author": 1, "text": "test", "time": "2013-03-26T10:51:39"}}, {"pk": 138, "model": "post.post", "fields": {"cover_image": "covers/pic_3.png", "title": "\u6d4b\u8bd5124", "author": 1, "text": "test", "time": "2013-03-26T10:51:39"}}, {"pk": 139, "model": "post.post", "fields": {"cover_image": "covers/pic_3.png", "title": "\u6d4b\u8bd5125", "author": 1, "text": "test", "time": "2013-03-26T10:51:39"}}, {"pk": 140, "model": "post.post", "fields": {"cover_image": "covers/pic_3.png", "title": "\u6d4b\u8bd5126", "author": 1, "text": "test", "time": "2013-03-26T10:51:39"}}, {"pk": 141, "model": "post.post", "fields": {"cover_image": "covers/pic_3.png", "title": "\u6d4b\u8bd5127", "author": 1, "text": "test", "time": "2013-03-26T10:51:39"}}, {"pk": 142, "model": "post.post", "fields": {"cover_image": "covers/pic_3.png", "title": "\u6d4b\u8bd5128", "author": 1, "text": "test", "time": "2013-03-26T10:51:39"}}, {"pk": 143, "model": "post.post", "fields": {"cover_image": "covers/pic_3.png", "title": "\u6d4b\u8bd5129", "author": 1, "text": "test", "time": "2013-03-26T10:51:39"}}, {"pk": 144, "model": "post.post", "fields": {"cover_image": "covers/pic_3.png", "title": "\u6d4b\u8bd5130", "author": 1, "text": "test", "time": "2013-03-26T10:51:39"}}, {"pk": 145, "model": "post.post", "fields": {"cover_image": "covers/pic_3.png", "title": "\u6d4b\u8bd5131", "author": 1, "text": "test", "time": "2013-03-26T10:51:39"}}, {"pk": 146, "model": "post.post", "fields": {"cover_image": "covers/pic_3.png", "title": "\u6d4b\u8bd5132", "author": 1, "text": "test", "time": "2013-03-26T10:51:39"}}, {"pk": 147, "model": "post.post", "fields": {"cover_image": "covers/pic_3.png", "title": "\u6d4b\u8bd5133", "author": 1, "text": "test", "time": "2013-03-26T10:51:39"}}, {"pk": 148, "model": "post.post", "fields": {"cover_image": "covers/pic_3.png", "title": "\u6d4b\u8bd5134", "author": 1, "text": "test", "time": "2013-03-26T10:51:39"}}, {"pk": 149, "model": "post.post", "fields": {"cover_image": "covers/pic_3.png", "title": "\u6d4b\u8bd5135", "author": 1, "text": "test", "time": "2013-03-26T10:51:39"}}, {"pk": 150, "model": "post.post", "fields": {"cover_image": "covers/pic_3.png", "title": "\u6d4b\u8bd5136", "author": 1, "text": "test", "time": "2013-03-26T10:51:39"}}, {"pk": 151, "model": "post.post", "fields": {"cover_image": "covers/pic_3.png", "title": "\u6d4b\u8bd5137", "author": 1, "text": "test", "time": "2013-03-26T10:51:39"}}, {"pk": 152, "model": "post.post", "fields": {"cover_image": "covers/pic_3.png", "title": "\u6d4b\u8bd5138", "author": 1, "text": "test", "time": "2013-03-26T10:51:39"}}, {"pk": 153, "model": "post.post", "fields": {"cover_image": "covers/pic_3.png", "title": "\u6d4b\u8bd5139", "author": 1, "text": "test", "time": "2013-03-26T10:51:39"}}, {"pk": 154, "model": "post.post", "fields": {"cover_image": "covers/pic_3.png", "title": "\u6d4b\u8bd5140", "author": 1, "text": "test", "time": "2013-03-26T10:51:39"}}, {"pk": 155, "model": "post.post", "fields": {"cover_image": "covers/pic_3.png", "title": "\u6d4b\u8bd5141", "author": 1, "text": "test", "time": "2013-03-26T10:51:39"}}, {"pk": 156, "model": "post.post", "fields": {"cover_image": "covers/pic_3.png", "title": "\u6d4b\u8bd5142", "author": 1, "text": "test", "time": "2013-03-26T10:51:39"}}, {"pk": 157, "model": "post.post", "fields": {"cover_image": "covers/pic_3.png", "title": "\u6d4b\u8bd5143", "author": 1, "text": "test", "time": "2013-03-26T10:51:39"}}, {"pk": 158, "model": "post.post", "fields": {"cover_image": "covers/pic_3.png", "title": "\u6d4b\u8bd5144", "author": 1, "text": "test", "time": "2013-03-26T10:51:39"}}, {"pk": 159, "model": "post.post", "fields": {"cover_image": "covers/pic_3.png", "title": "\u6d4b\u8bd5145", "author": 1, "text": "test", "time": "2013-03-26T10:51:39"}}, {"pk": 160, "model": "post.post", "fields": {"cover_image": "covers/pic_3.png", "title": "\u6d4b\u8bd5146", "author": 1, "text": "test", "time": "2013-03-26T10:51:39"}}, {"pk": 161, "model": "post.post", "fields": {"cover_image": "covers/pic_3.png", "title": "\u6d4b\u8bd5147", "author": 1, "text": "test", "time": "2013-03-26T10:51:39"}}, {"pk": 162, "model": "post.post", "fields": {"cover_image": "covers/pic_3.png", "title": "\u6d4b\u8bd5148", "author": 1, "text": "test", "time": "2013-03-26T10:51:39"}}, {"pk": 163, "model": "post.post", "fields": {"cover_image": "covers/pic_3.png", "title": "\u6d4b\u8bd5149", "author": 1, "text": "test", "time": "2013-03-26T10:51:39"}}, {"pk": 164, "model": "post.post", "fields": {"cover_image": "covers/pic_3.png", "title": "\u6d4b\u8bd5150", "author": 1, "text": "test", "time": "2013-03-26T10:51:39"}}, {"pk": 165, "model": "post.post", "fields": {"cover_image": "covers/pic_3.png", "title": "\u6d4b\u8bd5151", "author": 1, "text": "test", "time": "2013-03-26T10:51:39"}}, {"pk": 166, "model": "post.post", "fields": {"cover_image": "covers/pic_3.png", "title": "\u6d4b\u8bd5152", "author": 1, "text": "test", "time": "2013-03-26T10:51:39"}}, {"pk": 167, "model": "post.post", "fields": {"cover_image": "covers/pic_3.png", "title": "\u6d4b\u8bd5153", "author": 1, "text": "test", "time": "2013-03-26T10:51:39"}}, {"pk": 168, "model": "post.post", "fields": {"cover_image": "covers/pic_3.png", "title": "\u6d4b\u8bd5154", "author": 1, "text": "test", "time": "2013-03-26T10:51:39"}}, {"pk": 169, "model": "post.post", "fields": {"cover_image": "covers/pic_3.png", "title": "\u6d4b\u8bd5155", "author": 1, "text": "test", "time": "2013-03-26T10:51:39"}}, {"pk": 170, "model": "post.post", "fields": {"cover_image": "covers/pic_3.png", "title": "\u6d4b\u8bd5156", "author": 1, "text": "test", "time": "2013-03-26T10:51:39"}}, {"pk": 171, "model": "post.post", "fields": {"cover_image": "covers/pic_3.png", "title": "\u6d4b\u8bd5157", "author": 1, "text": "test", "time": "2013-03-26T10:51:39"}}, {"pk": 172, "model": "post.post", "fields": {"cover_image": "covers/pic_3.png", "title": "\u6d4b\u8bd5158", "author": 1, "text": "test", "time": "2013-03-26T10:51:39"}}, {"pk": 173, "model": "post.post", "fields": {"cover_image": "covers/pic_3.png", "title": "\u6d4b\u8bd5159", "author": 1, "text": "test", "time": "2013-03-26T10:51:39"}}, {"pk": 174, "model": "post.post", "fields": {"cover_image": "covers/pic_3.png", "title": "\u6d4b\u8bd5160", "author": 1, "text": "test", "time": "2013-03-26T10:51:39"}}, {"pk": 175, "model": "post.post", "fields": {"cover_image": "covers/pic_3.png", "title": "\u6d4b\u8bd5161", "author": 1, "text": "test", "time": "2013-03-26T10:51:39"}}, {"pk": 176, "model": "post.post", "fields": {"cover_image": "covers/pic_3.png", "title": "\u6d4b\u8bd5162", "author": 1, "text": "test", "time": "2013-03-26T10:51:39"}}, {"pk": 177, "model": "post.post", "fields": {"cover_image": "covers/pic_3.png", "title": "\u6d4b\u8bd5163", "author": 1, "text": "test", "time": "2013-03-26T10:51:39"}}, {"pk": 178, "model": "post.post", "fields": {"cover_image": "covers/pic_3.png", "title": "\u6d4b\u8bd5164", "author": 1, "text": "test", "time": "2013-03-26T10:51:39"}}, {"pk": 179, "model": "post.post", "fields": {"cover_image": "covers/pic_3.png", "title": "\u6d4b\u8bd5165", "author": 1, "text": "test", "time": "2013-03-26T10:51:39"}}, {"pk": 180, "model": "post.post", "fields": {"cover_image": "covers/pic_3.png", "title": "\u6d4b\u8bd5166", "author": 1, "text": "test", "time": "2013-03-26T10:51:39"}}, {"pk": 181, "model": "post.post", "fields": {"cover_image": "covers/pic_3.png", "title": "\u6d4b\u8bd5167", "author": 1, "text": "test", "time": "2013-03-26T10:51:39"}}, {"pk": 182, "model": "post.post", "fields": {"cover_image": "covers/pic_3.png", "title": "\u6d4b\u8bd5168", "author": 1, "text": "test", "time": "2013-03-26T10:51:39"}}, {"pk": 183, "model": "post.post", "fields": {"cover_image": "covers/pic_3.png", "title": "\u6d4b\u8bd5169", "author": 1, "text": "test", "time": "2013-03-26T10:51:39"}}, {"pk": 184, "model": "post.post", "fields": {"cover_image": "covers/pic_3.png", "title": "\u6d4b\u8bd5170", "author": 1, "text": "test", "time": "2013-03-26T10:51:39"}}, {"pk": 185, "model": "post.post", "fields": {"cover_image": "covers/pic_3.png", "title": "\u6d4b\u8bd5171", "author": 1, "text": "test", "time": "2013-03-26T10:51:39"}}, {"pk": 186, "model": "post.post", "fields": {"cover_image": "covers/pic_3.png", "title": "\u6d4b\u8bd5172", "author": 1, "text": "test", "time": "2013-03-26T10:51:39"}}, {"pk": 187, "model": "post.post", "fields": {"cover_image": "covers/pic_3.png", "title": "\u6d4b\u8bd5173", "author": 1, "text": "test", "time": "2013-03-26T10:51:39"}}, {"pk": 188, "model": "post.post", "fields": {"cover_image": "covers/pic_3.png", "title": "\u6d4b\u8bd5174", "author": 1, "text": "test", "time": "2013-03-26T10:51:39"}}, {"pk": 189, "model": "post.post", "fields": {"cover_image": "covers/pic_3.png", "title": "\u6d4b\u8bd5175", "author": 1, "text": "test", "time": "2013-03-26T10:51:39"}}, {"pk": 190, "model": "post.post", "fields": {"cover_image": "covers/pic_3.png", "title": "\u6d4b\u8bd5176", "author": 1, "text": "test", "time": "2013-03-26T10:51:39"}}, {"pk": 191, "model": "post.post", "fields": {"cover_image": "covers/pic_3.png", "title": "\u6d4b\u8bd5177", "author": 1, "text": "test", "time": "2013-03-26T10:51:39"}}, {"pk": 192, "model": "post.post", "fields": {"cover_image": "covers/pic_3.png", "title": "\u6d4b\u8bd5178", "author": 1, "text": "test", "time": "2013-03-26T10:51:39"}}, {"pk": 193, "model": "post.post", "fields": {"cover_image": "covers/pic_3.png", "title": "\u6d4b\u8bd5179", "author": 1, "text": "test", "time": "2013-03-26T10:51:39"}}, {"pk": 194, "model": "post.post", "fields": {"cover_image": "covers/pic_3.png", "title": "\u6d4b\u8bd5180", "author": 1, "text": "test", "time": "2013-03-26T10:51:39"}}, {"pk": 195, "model": "post.post", "fields": {"cover_image": "covers/pic_3.png", "title": "\u6d4b\u8bd5181", "author": 1, "text": "test", "time": "2013-03-26T10:51:39"}}, {"pk": 196, "model": "post.post", "fields": {"cover_image": "covers/pic_3.png", "title": "\u6d4b\u8bd5182", "author": 1, "text": "test", "time": "2013-03-26T10:51:39"}}, {"pk": 197, "model": "post.post", "fields": {"cover_image": "covers/pic_3.png", "title": "\u6d4b\u8bd5183", "author": 1, "text": "test", "time": "2013-03-26T10:51:39"}}, {"pk": 198, "model": "post.post", "fields": {"cover_image": "covers/pic_3.png", "title": "\u6d4b\u8bd5184", "author": 1, "text": "test", "time": "2013-03-26T10:51:39"}}, {"pk": 199, "model": "post.post", "fields": {"cover_image": "covers/pic_3.png", "title": "\u6d4b\u8bd5185", "author": 1, "text": "test", "time": "2013-03-26T10:51:39"}}, {"pk": 200, "model": "post.post", "fields": {"cover_image": "covers/pic_3.png", "title": "\u6d4b\u8bd5186", "author": 1, "text": "test", "time": "2013-03-26T10:51:39"}}, {"pk": 201, "model": "post.post", "fields": {"cover_image": "covers/pic_3.png", "title": "\u6d4b\u8bd5187", "author": 1, "text": "test", "time": "2013-03-26T10:51:39"}}, {"pk": 202, "model": "post.post", "fields": {"cover_image": "covers/pic_3.png", "title": "\u6d4b\u8bd5188", "author": 1, "text": "test", "time": "2013-03-26T10:51:39"}}, {"pk": 203, "model": "post.post", "fields": {"cover_image": "covers/pic_3.png", "title": "\u6d4b\u8bd5189", "author": 1, "text": "test", "time": "2013-03-26T10:51:39"}}, {"pk": 204, "model": "post.post", "fields": {"cover_image": "covers/pic_3.png", "title": "\u6d4b\u8bd5190", "author": 1, "text": "test", "time": "2013-03-26T10:51:39"}}, {"pk": 205, "model": "post.post", "fields": {"cover_image": "covers/pic_3.png", "title": "\u6d4b\u8bd5191", "author": 1, "text": "test", "time": "2013-03-26T10:51:39"}}, {"pk": 206, "model": "post.post", "fields": {"cover_image": "covers/pic_3.png", "title": "\u6d4b\u8bd5192", "author": 1, "text": "test", "time": "2013-03-26T10:51:39"}}, {"pk": 207, "model": "post.post", "fields": {"cover_image": "covers/pic_3.png", "title": "\u6d4b\u8bd5193", "author": 1, "text": "test", "time": "2013-03-26T10:51:39"}}, {"pk": 208, "model": "post.post", "fields": {"cover_image": "covers/pic_3.png", "title": "\u6d4b\u8bd5194", "author": 1, "text": "test", "time": "2013-03-26T10:51:39"}}, {"pk": 209, "model": "post.post", "fields": {"cover_image": "covers/pic_3.png", "title": "\u6d4b\u8bd5195", "author": 1, "text": "test", "time": "2013-03-26T10:51:39"}}, {"pk": 210, "model": "post.post", "fields": {"cover_image": "covers/pic_3.png", "title": "\u6d4b\u8bd5196", "author": 1, "text": "test", "time": "2013-03-26T10:51:39"}}, {"pk": 211, "model": "post.post", "fields": {"cover_image": "covers/pic_3.png", "title": "\u6d4b\u8bd5197", "author": 1, "text": "test", "time": "2013-03-26T10:51:39"}}, {"pk": 212, "model": "post.post", "fields": {"cover_image": "covers/pic_3.png", "title": "\u6d4b\u8bd5198", "author": 1, "text": "test", "time": "2013-03-26T10:51:39"}}, {"pk": 213, "model": "post.post", "fields": {"cover_image": "covers/pic_3.png", "title": "\u6d4b\u8bd5199", "author": 1, "text": "test", "time": "2013-03-26T10:51:39"}}, {"pk": 214, "model": "post.post", "fields": {"cover_image": "covers/pic_3.png", "title": "\u6d4b\u8bd5200", "author": 1, "text": "test", "time": "2013-03-26T10:51:39"}}, {"pk": 215, "model": "post.post", "fields": {"cover_image": "covers/pic_3.png", "title": "\u6d4b\u8bd5201", "author": 1, "text": "test", "time": "2013-03-26T10:51:39"}}, {"pk": 216, "model": "post.post", "fields": {"cover_image": "covers/pic_3.png", "title": "\u6d4b\u8bd5202", "author": 1, "text": "test", "time": "2013-03-26T10:51:39"}}, {"pk": 217, "model": "post.post", "fields": {"cover_image": "covers/pic_3.png", "title": "\u6d4b\u8bd5203", "author": 1, "text": "test", "time": "2013-03-26T10:51:39"}}, {"pk": 218, "model": "post.post", "fields": {"cover_image": "covers/pic_3.png", "title": "\u6d4b\u8bd5204", "author": 1, "text": "test", "time": "2013-03-26T10:51:39"}}, {"pk": 219, "model": "post.post", "fields": {"cover_image": "covers/pic_3.png", "title": "\u6d4b\u8bd5205", "author": 1, "text": "test", "time": "2013-03-26T10:51:39"}}, {"pk": 220, "model": "post.post", "fields": {"cover_image": "covers/pic_3.png", "title": "\u6d4b\u8bd5206", "author": 1, "text": "test", "time": "2013-03-26T10:51:39"}}, {"pk": 221, "model": "post.post", "fields": {"cover_image": "covers/pic_3.png", "title": "\u6d4b\u8bd5207", "author": 1, "text": "test", "time": "2013-03-26T10:51:39"}}, {"pk": 222, "model": "post.post", "fields": {"cover_image": "covers/pic_3.png", "title": "\u6d4b\u8bd5208", "author": 1, "text": "test", "time": "2013-03-26T10:51:39"}}, {"pk": 223, "model": "post.post", "fields": {"cover_image": "covers/pic_3.png", "title": "\u6d4b\u8bd5209", "author": 1, "text": "test", "time": "2013-03-26T10:51:39"}}, {"pk": 224, "model": "post.post", "fields": {"cover_image": "covers/pic_3.png", "title": "\u6d4b\u8bd5210", "author": 1, "text": "test", "time": "2013-03-26T10:51:39"}}, {"pk": 225, "model": "post.post", "fields": {"cover_image": "covers/pic_3.png", "title": "\u6d4b\u8bd5211", "author": 1, "text": "test", "time": "2013-03-26T10:51:39"}}, {"pk": 226, "model": "post.post", "fields": {"cover_image": "covers/pic_3.png", "title": "\u6d4b\u8bd5212", "author": 1, "text": "test", "time": "2013-03-26T10:51:39"}}, {"pk": 227, "model": "post.post", "fields": {"cover_image": "covers/pic_3.png", "title": "\u6d4b\u8bd5213", "author": 1, "text": "test", "time": "2013-03-26T10:51:39"}}, {"pk": 228, "model": "post.post", "fields": {"cover_image": "covers/pic_3.png", "title": "\u6d4b\u8bd5214", "author": 1, "text": "test", "time": "2013-03-26T10:51:39"}}, {"pk": 229, "model": "post.post", "fields": {"cover_image": "covers/pic_3.png", "title": "\u6d4b\u8bd5215", "author": 1, "text": "test", "time": "2013-03-26T10:51:39"}}, {"pk": 230, "model": "post.post", "fields": {"cover_image": "covers/pic_3.png", "title": "\u6d4b\u8bd5216", "author": 1, "text": "test", "time": "2013-03-26T10:51:39"}}, {"pk": 231, "model": "post.post", "fields": {"cover_image": "covers/pic_3.png", "title": "\u6d4b\u8bd5217", "author": 1, "text": "test", "time": "2013-03-26T10:51:39"}}, {"pk": 232, "model": "post.post", "fields": {"cover_image": "covers/pic_3.png", "title": "\u6d4b\u8bd5218", "author": 1, "text": "test", "time": "2013-03-26T10:51:39"}}, {"pk": 233, "model": "post.post", "fields": {"cover_image": "covers/pic_3.png", "title": "\u6d4b\u8bd5219", "author": 1, "text": "test", "time": "2013-03-26T10:51:39"}}, {"pk": 234, "model": "post.post", "fields": {"cover_image": "covers/pic_3.png", "title": "\u6d4b\u8bd5220", "author": 1, "text": "test", "time": "2013-03-26T10:51:39"}}, {"pk": 235, "model": "post.post", "fields": {"cover_image": "covers/pic_3.png", "title": "\u6d4b\u8bd5221", "author": 1, "text": "test", "time": "2013-03-26T10:51:39"}}, {"pk": 236, "model": "post.post", "fields": {"cover_image": "covers/pic_3.png", "title": "\u6d4b\u8bd5222", "author": 1, "text": "test", "time": "2013-03-26T10:51:39"}}, {"pk": 237, "model": "post.post", "fields": {"cover_image": "covers/pic_3.png", "title": "\u6d4b\u8bd5223", "author": 1, "text": "test", "time": "2013-03-26T10:51:39"}}, {"pk": 238, "model": "post.post", "fields": {"cover_image": "covers/pic_3.png", "title": "\u6d4b\u8bd5224", "author": 1, "text": "test", "time": "2013-03-26T10:51:39"}}, {"pk": 239, "model": "post.post", "fields": {"cover_image": "covers/pic_3.png", "title": "\u6d4b\u8bd5225", "author": 1, "text": "test", "time": "2013-03-26T10:51:39"}}, {"pk": 240, "model": "post.post", "fields": {"cover_image": "covers/pic_3.png", "title": "\u6d4b\u8bd5226", "author": 1, "text": "test", "time": "2013-03-26T10:51:39"}}, {"pk": 241, "model": "post.post", "fields": {"cover_image": "covers/pic_3.png", "title": "\u6d4b\u8bd5227", "author": 1, "text": "test", "time": "2013-03-26T10:51:39"}}, {"pk": 242, "model": "post.post", "fields": {"cover_image": "covers/pic_3.png", "title": "\u6d4b\u8bd5228", "author": 1, "text": "test", "time": "2013-03-26T10:51:39"}}, {"pk": 243, "model": "post.post", "fields": {"cover_image": "covers/pic_3.png", "title": "\u6d4b\u8bd5229", "author": 1, "text": "test", "time": "2013-03-26T10:51:39"}}, {"pk": 244, "model": "post.post", "fields": {"cover_image": "covers/pic_3.png", "title": "\u6d4b\u8bd5230", "author": 1, "text": "test", "time": "2013-03-26T10:51:39"}}, {"pk": 245, "model": "post.post", "fields": {"cover_image": "covers/pic_3.png", "title": "\u6d4b\u8bd5231", "author": 1, "text": "test", "time": "2013-03-26T10:51:39"}}, {"pk": 246, "model": "post.post", "fields": {"cover_image": "covers/pic_3.png", "title": "\u6d4b\u8bd5232", "author": 1, "text": "test", "time": "2013-03-26T10:51:39"}}, {"pk": 247, "model": "post.post", "fields": {"cover_image": "covers/pic_3.png", "title": "\u6d4b\u8bd5233", "author": 1, "text": "test", "time": "2013-03-26T10:51:39"}}, {"pk": 248, "model": "post.post", "fields": {"cover_image": "covers/pic_3.png", "title": "\u6d4b\u8bd5234", "author": 1, "text": "test", "time": "2013-03-26T10:51:39"}}, {"pk": 249, "model": "post.post", "fields": {"cover_image": "covers/pic_3.png", "title": "\u6d4b\u8bd5235", "author": 1, "text": "test", "time": "2013-03-26T10:51:39"}}, {"pk": 250, "model": "post.post", "fields": {"cover_image": "covers/pic_3.png", "title": "\u6d4b\u8bd5236", "author": 1, "text": "test", "time": "2013-03-26T10:51:39"}}, {"pk": 251, "model": "post.post", "fields": {"cover_image": "covers/pic_3.png", "title": "\u6d4b\u8bd5237", "author": 1, "text": "test", "time": "2013-03-26T10:51:39"}}, {"pk": 252, "model": "post.post", "fields": {"cover_image": "covers/pic_3.png", "title": "\u6d4b\u8bd5238", "author": 1, "text": "test", "time": "2013-03-26T10:51:39"}}, {"pk": 253, "model": "post.post", "fields": {"cover_image": "covers/pic_3.png", "title": "\u6d4b\u8bd5239", "author": 1, "text": "test", "time": "2013-03-26T10:51:39"}}, {"pk": 254, "model": "post.post", "fields": {"cover_image": "covers/pic_3.png", "title": "\u6d4b\u8bd5240", "author": 1, "text": "test", "time": "2013-03-26T10:51:39"}}, {"pk": 255, "model": "post.post", "fields": {"cover_image": "covers/pic_3.png", "title": "\u6d4b\u8bd5241", "author": 1, "text": "test", "time": "2013-03-26T10:51:39"}}, {"pk": 256, "model": "post.post", "fields": {"cover_image": "covers/pic_3.png", "title": "\u6d4b\u8bd5242", "author": 1, "text": "test", "time": "2013-03-26T10:51:39"}}, {"pk": 257, "model": "post.post", "fields": {"cover_image": "covers/pic_3.png", "title": "\u6d4b\u8bd5243", "author": 1, "text": "test", "time": "2013-03-26T10:51:39"}}, {"pk": 258, "model": "post.post", "fields": {"cover_image": "covers/pic_3.png", "title": "\u6d4b\u8bd5244", "author": 1, "text": "test", "time": "2013-03-26T10:51:39"}}, {"pk": 259, "model": "post.post", "fields": {"cover_image": "covers/pic_3.png", "title": "\u6d4b\u8bd5245", "author": 1, "text": "test", "time": "2013-03-26T10:51:39"}}, {"pk": 260, "model": "post.post", "fields": {"cover_image": "covers/pic_3.png", "title": "\u6d4b\u8bd5246", "author": 1, "text": "test", "time": "2013-03-26T10:51:39"}}, {"pk": 261, "model": "post.post", "fields": {"cover_image": "covers/pic_3.png", "title": "\u6d4b\u8bd5247", "author": 1, "text": "test", "time": "2013-03-26T10:51:39"}}, {"pk": 262, "model": "post.post", "fields": {"cover_image": "covers/pic_3.png", "title": "\u6d4b\u8bd5248", "author": 1, "text": "test", "time": "2013-03-26T10:51:39"}}, {"pk": 263, "model": "post.post", "fields": {"cover_image": "covers/pic_3.png", "title": "\u6d4b\u8bd5249", "author": 1, "text": "test", "time": "2013-03-26T10:51:39"}}, {"pk": 264, "model": "post.post", "fields": {"cover_image": "covers/pic_3.png", "title": "\u6d4b\u8bd5250", "author": 1, "text": "test", "time": "2013-03-26T10:51:39"}}, {"pk": 265, "model": "post.post", "fields": {"cover_image": "covers/pic_3.png", "title": "\u6d4b\u8bd5251", "author": 1, "text": "test", "time": "2013-03-26T10:51:39"}}, {"pk": 266, "model": "post.post", "fields": {"cover_image": "covers/pic_3.png", "title": "\u6d4b\u8bd5252", "author": 1, "text": "test", "time": "2013-03-26T10:51:39"}}, {"pk": 267, "model": "post.post", "fields": {"cover_image": "covers/pic_3.png", "title": "\u6d4b\u8bd5253", "author": 1, "text": "test", "time": "2013-03-26T10:51:39"}}, {"pk": 268, "model": "post.post", "fields": {"cover_image": "covers/pic_3.png", "title": "\u6d4b\u8bd5254", "author": 1, "text": "test", "time": "2013-03-26T10:51:39"}}, {"pk": 269, "model": "post.post", "fields": {"cover_image": "covers/pic_3.png", "title": "\u6d4b\u8bd5255", "author": 1, "text": "test", "time": "2013-03-26T10:51:39"}}, {"pk": 270, "model": "post.post", "fields": {"cover_image": "covers/pic_3.png", "title": "\u6d4b\u8bd5256", "author": 1, "text": "test", "time": "2013-03-26T10:51:39"}}, {"pk": 271, "model": "post.post", "fields": {"cover_image": "covers/pic_3.png", "title": "\u6d4b\u8bd5257", "author": 1, "text": "test", "time": "2013-03-26T10:51:39"}}, {"pk": 272, "model": "post.post", "fields": {"cover_image": "covers/pic_3.png", "title": "\u6d4b\u8bd5258", "author": 1, "text": "test", "time": "2013-03-26T10:51:39"}}, {"pk": 273, "model": "post.post", "fields": {"cover_image": "covers/pic_3.png", "title": "\u6d4b\u8bd5259", "author": 1, "text": "test", "time": "2013-03-26T10:51:39"}}, {"pk": 274, "model": "post.post", "fields": {"cover_image": "covers/pic_3.png", "title": "\u6d4b\u8bd5260", "author": 1, "text": "test", "time": "2013-03-26T10:51:39"}}, {"pk": 275, "model": "post.post", "fields": {"cover_image": "covers/pic_3.png", "title": "\u6d4b\u8bd5261", "author": 1, "text": "test", "time": "2013-03-26T10:51:39"}}, {"pk": 276, "model": "post.post", "fields": {"cover_image": "covers/pic_3.png", "title": "\u6d4b\u8bd5262", "author": 1, "text": "test", "time": "2013-03-26T10:51:39"}}, {"pk": 277, "model": "post.post", "fields": {"cover_image": "covers/pic_3.png", "title": "\u6d4b\u8bd5263", "author": 1, "text": "test", "time": "2013-03-26T10:51:39"}}, {"pk": 278, "model": "post.post", "fields": {"cover_image": "covers/pic_3.png", "title": "\u6d4b\u8bd5264", "author": 1, "text": "test", "time": "2013-03-26T10:51:39"}}, {"pk": 279, "model": "post.post", "fields": {"cover_image": "covers/pic_3.png", "title": "\u6d4b\u8bd5265", "author": 1, "text": "test", "time": "2013-03-26T10:51:39"}}, {"pk": 280, "model": "post.post", "fields": {"cover_image": "covers/pic_3.png", "title": "\u6d4b\u8bd5266", "author": 1, "text": "test", "time": "2013-03-26T10:51:39"}}, {"pk": 281, "model": "post.post", "fields": {"cover_image": "covers/pic_3.png", "title": "\u6d4b\u8bd5267", "author": 1, "text": "test", "time": "2013-03-26T10:51:39"}}, {"pk": 282, "model": "post.post", "fields": {"cover_image": "covers/pic_3.png", "title": "\u6d4b\u8bd5268", "author": 1, "text": "test", "time": "2013-03-26T10:51:39"}}, {"pk": 283, "model": "post.post", "fields": {"cover_image": "covers/pic_3.png", "title": "\u6d4b\u8bd5269", "author": 1, "text": "test", "time": "2013-03-26T10:51:39"}}, {"pk": 284, "model": "post.post", "fields": {"cover_image": "covers/pic_3.png", "title": "\u6d4b\u8bd5270", "author": 1, "text": "test", "time": "2013-03-26T10:51:39"}}, {"pk": 285, "model": "post.post", "fields": {"cover_image": "covers/pic_3.png", "title": "\u6d4b\u8bd5271", "author": 1, "text": "test", "time": "2013-03-26T10:51:39"}}, {"pk": 286, "model": "post.post", "fields": {"cover_image": "covers/pic_3.png", "title": "\u6d4b\u8bd5272", "author": 1, "text": "test", "time": "2013-03-26T10:51:39"}}, {"pk": 287, "model": "post.post", "fields": {"cover_image": "covers/pic_3.png", "title": "\u6d4b\u8bd5273", "author": 1, "text": "test", "time": "2013-03-26T10:51:39"}}, {"pk": 288, "model": "post.post", "fields": {"cover_image": "covers/pic_3.png", "title": "\u6d4b\u8bd5274", "author": 1, "text": "test", "time": "2013-03-26T10:51:39"}}, {"pk": 289, "model": "post.post", "fields": {"cover_image": "covers/pic_3.png", "title": "\u6d4b\u8bd5275", "author": 1, "text": "test", "time": "2013-03-26T10:51:39"}}, {"pk": 290, "model": "post.post", "fields": {"cover_image": "covers/pic_3.png", "title": "\u6d4b\u8bd5276", "author": 1, "text": "test", "time": "2013-03-26T10:51:39"}}, {"pk": 291, "model": "post.post", "fields": {"cover_image": "covers/pic_3.png", "title": "\u6d4b\u8bd5277", "author": 1, "text": "test", "time": "2013-03-26T10:51:39"}}, {"pk": 292, "model": "post.post", "fields": {"cover_image": "covers/pic_3.png", "title": "\u6d4b\u8bd5278", "author": 1, "text": "test", "time": "2013-03-26T10:51:39"}}, {"pk": 293, "model": "post.post", "fields": {"cover_image": "covers/pic_3.png", "title": "\u6d4b\u8bd5279", "author": 1, "text": "test", "time": "2013-03-26T10:51:39"}}, {"pk": 294, "model": "post.post", "fields": {"cover_image": "covers/pic_3.png", "title": "\u6d4b\u8bd5280", "author": 1, "text": "test", "time": "2013-03-26T10:51:39"}}, {"pk": 295, "model": "post.post", "fields": {"cover_image": "covers/pic_3.png", "title": "\u6d4b\u8bd5281", "author": 1, "text": "test", "time": "2013-03-26T10:51:39"}}, {"pk": 296, "model": "post.post", "fields": {"cover_image": "covers/pic_3.png", "title": "\u6d4b\u8bd5282", "author": 1, "text": "test", "time": "2013-03-26T10:51:39"}}, {"pk": 297, "model": "post.post", "fields": {"cover_image": "covers/pic_3.png", "title": "\u6d4b\u8bd5283", "author": 1, "text": "test", "time": "2013-03-26T10:51:39"}}, {"pk": 298, "model": "post.post", "fields": {"cover_image": "covers/pic_3.png", "title": "\u6d4b\u8bd5284", "author": 1, "text": "test", "time": "2013-03-26T10:51:39"}}, {"pk": 299, "model": "post.post", "fields": {"cover_image": "covers/pic_3.png", "title": "\u6d4b\u8bd5285", "author": 1, "text": "test", "time": "2013-03-26T10:51:39"}}, {"pk": 300, "model": "post.post", "fields": {"cover_image": "covers/pic_3.png", "title": "\u6d4b\u8bd5286", "author": 1, "text": "test", "time": "2013-03-26T10:51:39"}}, {"pk": 301, "model": "post.post", "fields": {"cover_image": "covers/pic_3.png", "title": "\u6d4b\u8bd5287", "author": 1, "text": "test", "time": "2013-03-26T10:51:39"}}, {"pk": 302, "model": "post.post", "fields": {"cover_image": "covers/pic_3.png", "title": "\u6d4b\u8bd5288", "author": 1, "text": "test", "time": "2013-03-26T10:51:39"}}, {"pk": 303, "model": "post.post", "fields": {"cover_image": "covers/pic_3.png", "title": "\u6d4b\u8bd5289", "author": 1, "text": "test", "time": "2013-03-26T10:51:39"}}, {"pk": 304, "model": "post.post", "fields": {"cover_image": "covers/pic_3.png", "title": "\u6d4b\u8bd5290", "author": 1, "text": "test", "time": "2013-03-26T10:51:39"}}, {"pk": 305, "model": "post.post", "fields": {"cover_image": "covers/pic_3.png", "title": "\u6d4b\u8bd5291", "author": 1, "text": "test", "time": "2013-03-26T10:51:39"}}, {"pk": 306, "model": "post.post", "fields": {"cover_image": "covers/pic_3.png", "title": "\u6d4b\u8bd5292", "author": 1, "text": "test", "time": "2013-03-26T10:51:39"}}, {"pk": 307, "model": "post.post", "fields": {"cover_image": "covers/pic_3.png", "title": "\u6d4b\u8bd5293", "author": 1, "text": "test", "time": "2013-03-26T10:51:39"}}, {"pk": 308, "model": "post.post", "fields": {"cover_image": "covers/pic_3.png", "title": "\u6d4b\u8bd5294", "author": 1, "text": "test", "time": "2013-03-26T10:51:39"}}, {"pk": 309, "model": "post.post", "fields": {"cover_image": "covers/pic_3.png", "title": "\u6d4b\u8bd5295", "author": 1, "text": "test", "time": "2013-03-26T10:51:39"}}, {"pk": 310, "model": "post.post", "fields": {"cover_image": "covers/pic_3.png", "title": "\u6d4b\u8bd5296", "author": 1, "text": "test", "time": "2013-03-26T10:51:39"}}, {"pk": 311, "model": "post.post", "fields": {"cover_image": "covers/pic_3.png", "title": "\u6d4b\u8bd5297", "author": 1, "text": "test", "time": "2013-03-26T10:51:39"}}, {"pk": 312, "model": "post.post", "fields": {"cover_image": "covers/pic_3.png", "title": "\u6d4b\u8bd5298", "author": 1, "text": "test", "time": "2013-03-26T10:51:39"}}, {"pk": 313, "model": "post.post", "fields": {"cover_image": "covers/pic_3.png", "title": "\u6d4b\u8bd5299", "author": 1, "text": "test", "time": "2013-03-26T10:51:39"}}, {"pk": 314, "model": "post.post", "fields": {"cover_image": "covers/pic_4.png", "title": "\u6c5f\u8fb9\u57ce\u5916\u70e4\u9c7c\u597d\u5403", "author": 2, "text": "\u70e4\u9c7c\u597d\u5403\uff01\uff01\uff01\uff01\uff01\uff01\uff01\uff01\uff01\uff01\uff01", "time": "2013-04-02T17:04:04"}}, {"pk": 315, "model": "post.post", "fields": {"cover_image": "covers/fenlei_7.jpg", "title": "\u6e05\u660e\u65f6\u8282\u5403\u4ec0\u4e48", "author": 2, "text": "<span style=\"color:#666666;font-family:Arial, Helvetica, sans-serif;line-height:22px;background-color:#FFFFFF;\">\u6625\u6696\u82b1\u5f00\uff0c\u4e07\u7269\u590d\u82cf\u7684\u5b63\u8282\uff0c\u600e\u53ef\u9519\u8fc7\u7f8e\u5473\u800c\u6709\u8425\u517b\u7684\u65f6\u4ee4\u83dc</span>", "time": "2013-04-02T17:05:17"}}, {"pk": 316, "model": "post.post", "fields": {"cover_image": "covers/pic_2.png", "title": "\u78a7\u7389\u8150\u76ae\u5377", "author": 2, "text": "<span style=\"color:#666666;font-family:Arial, Helvetica, sans-serif;line-height:25px;background-color:#EEEEEE;\">\u505a\u8d77\u6765\u975e\u5e38\u7b80\u5355\uff0c\u9999\u6d53\u6ecb\u5473\u6321\u4e0d\u4f4f\uff0c\u5c31\u7b97\u7b2c\u4e00\u6b21\u5c1d\u8bd5\u6210\u529f\u7387\u4e5f\u5f88\u9ad8\u54e6</span>", "time": "2013-04-02T17:06:00"}}, {"pk": 317, "model": "post.post", "fields": {"cover_image": "covers/pic_4_1.png", "title": "\u591a\u5403\u9c7c\u7c7b\u53ef\u8ba9\u5b69\u5b50\u957f\u5f97\u66f4\u9ad8", "author": 2, "text": "<span style=\"color:#666666;font-family:Arial, Helvetica, sans-serif;line-height:25px;background-color:#EEEEEE;\">\u9664\u4e86\u9c7c\u8089\u9c9c\u7f8e\uff0c\u9c7c\u5934\u3001\u9c7c\u9cde\u3001\u9c7c\u773c\u3001\u9c7c\u5b50\u90fd\u5bcc\u542b\u5404\u79cd\u8425\u517b\u7269\u8d28\uff0c\u662f\u5b69\u5b50\u751f\u957f\u53d1\u80b2\u7684\u7406\u60f3\u98df\u54c1</span>", "time": "2013-04-02T17:06:32"}}, {"pk": 318, "model": "post.post", "fields": {"cover_image": "covers/pic_6.png", "title": "\u6912\u76d0\u624b\u6293\u997c", "author": 2, "text": "<span style=\"color:#666666;font-family:Arial, Helvetica, sans-serif;line-height:25px;background-color:#EEEEEE;\">\u6b63\u5b97\u624b\u6293\u997c\uff0c\u65b0\u9c9c\u51fa\u7089\u540e\u5343\u5c42\u767e\u53e0\uff0c\u5c42\u5982\u8584\u7eb8\uff0c\u7528\u624b\u6293\u4e4b\uff0c\u9762\u4e1d\u5343\u8fde\uff0c\u5176\u5916\u5c42\u91d1\u9ec4\u9165\u8106</span>", "time": "2013-04-02T17:07:14"}}, {"pk": 319, "model": "post.post", "fields": {"cover_image": "covers/fenlei_1.jpg", "title": "\u4e09\u53f6\u4ed9\u8349\u9752\u56e2", "author": 3, "text": "<h1 style=\"color:#333333;font-size:28px;font-family:Arial, Helvetica, sans-serif;background-color:#FFFFFF;\">\r\n\t\u4e09\u53f6\u9752\u8349\u56e2\r\n</h1>", "time": "2013-04-02T17:08:16"}}, {"pk": 320, "model": "post.post", "fields": {"cover_image": "covers/pic_3.png", "title": "\u6625\u5b63\u517b\u809d\u98df\u8c31", "author": 3, "text": "<span style=\"color:#333333;font-family:Arial, Helvetica, sans-serif;line-height:19px;background-color:#FFFFFF;\">\u6625\u5b63\u4e07\u7269\u840c\u751f\uff0c\u6b63\u662f\u8c03\u517b\u8eab\u4f53\u4e94\u810f\u7684\u5927\u597d\u65f6\u673a\u3002\u6309\u7167\u4e2d\u533b\u201c\u56db\u5b63\u4fa7\u91cd\u201d\u7684\u517b\u751f\u539f\u5219\uff0c\u6625\u5b63\u8865\u4e94\u810f\u5e94\u4ee5\u517b\u809d\u4e3a\u5148\u3002\u6625\u5929\u4e94\u884c\u5c5e\u6728\uff0c\u800c\u4eba\u4f53\u7684\u4e94\u810f\u4e4b\u4e2d\u809d\u4e5f\u5c5e\u662f\u6728\u6027\uff0c\u56e0\u800c\u6625\u6c14\u901a\u809d\u3002\u5728\u6625\u5929\uff0c\u809d\u6c14\u65fa\u76db\u800c\u5347\u53d1\uff0c\u4eba\u7684\u7cbe\u795e\u7115\u53d1\u3002\u53ef\u662f\u5982\u679c\u809d\u6c14\u5347\u53d1\u592a\u8fc7\u6216\u662f\u809d\u6c14\u90c1\u7ed3\uff0c\u90fd\u6613\u635f\u4f24\u809d\u810f\uff0c\u5230\u590f\u5b63\u5c31\u4f1a\u53d1\u751f\u5bd2\u6027\u75c5\u53d8\u3002\u56e0\u6b64\uff0c\u987a\u5e94\u5929\u65f6\u53d8\u5316\uff0c\u5bf9\u81ea\u5df1\u7684\u65e5\u5e38\u996e\u98df\u8d77\u5c45\u53ca\u7cbe\u795e\u6444\u517b\u8fdb\u884c\u76f8\u5e94\u8c03\u6574\u3002</span>", "time": "2013-04-02T17:09:12"}}, {"pk": 321, "model": "post.post", "fields": {"cover_image": "covers/fenlei_4.jpg", "title": "\u4e0d\u5403\u4e3b\u98df\u7b49\u4e8e\u6162\u6027\u81ea\u6740", "author": 3, "text": "<span style=\"font-family:Arial, Helvetica, sans-serif;font-size:14px;line-height:23px;background-color:#FFFFFF;\">\u4e3b\u98df\uff0c\u4e3b\u8981\u6307\u7cae\u98df\uff0c\u5305\u62ec\u7c73\u3001\u9762\u3001\u6742\u7cae\u3001\u85af\u7c7b\u7b49\u3002\u4eba\u4f53\u6bcf\u5929\u9700\u8981\u7684\u80fd\u91cf\u7531\u4e09\u5927\u8425\u517b\u7d20\uff0c\u78b3\u6c34\u5316\u7269\u3001\u8102\u80aa\u3001\u86cb\u767d\u8d28\u63d0\u4f9b\u3002\u5176\u4e2d\uff0c\u78b3\u6c34\u5316\u7269\u63d0\u4f9b\u7684\u80fd\u91cf\u536055%\uff0d60%\u3002\u4e3b\u98df\u4e2d\u5bcc\u542b\u78b3\u6c34\u5316\u7269\uff0c\u662f\u6bcf\u5929\u4e0d\u53ef\u6216\u7f3a\u7684\u98df\u54c1\u4e4b\u4e00\u3002</span>", "time": "2013-04-02T17:09:47"}}, {"pk": 322, "model": "post.post", "fields": {"cover_image": "covers/fenlei_6.jpg", "title": "\u4e00\u5b9a\u8981\u5c11\u7ed9\u5b69\u5b50\u5403\u201c\u635f\u8111\u98df\u54c1\u201d", "author": 3, "text": "<strong>\u4e00\u5b9a\u8981\u5c11\u7ed9\u5b69\u5b50\u5403\u201c\u635f\u8111\u98df\u54c1\u201d</strong>", "time": "2013-04-02T17:10:34"}}, {"pk": 323, "model": "post.post", "fields": {"cover_image": "covers/fenlei_3.jpg", "title": "\u5b55\u5987\u5403\u4ec0\u4e48\u5b9d\u5b9d\u806a\u660e", "author": 3, "text": "<span style=\"font-family:Arial, Helvetica, sans-serif;font-size:14px;line-height:23px;background-color:#FFFFFF;\">\u4e2d\u533b\u8ba4\u4e3a\u5927\u67a3\u6709\u5065\u813e\u548c\u80c3\u3001\u8865\u76ca\u6c14\u8840\u3001\u6da6\u5fc3\u80ba\u7684\u529f\u6548\u3002\u800c\u6c14\u8840\u662f\u5148\u5929\u4e4b\u672c\uff0c\u51c6\u5988\u5988\u6c14\u8840\u5145\u8db3\uff0c\u76f4\u63a5\u53d7\u76ca\u7684\u5c31\u662f\u80ce\u513f\u3002</span>", "time": "2013-04-02T17:11:19"}}, {"pk": 324, "model": "post.post", "fields": {"cover_image": "covers/pic_4_2.png", "title": "\u5b69\u5b50\u5c11\u5403\u852c\u83dc\u5bb9\u6613\u60a3\u8fd1\u89c6", "author": 4, "text": "<span style=\"font-family:Arial, Helvetica, sans-serif;font-size:14px;line-height:23px;background-color:#FFFFFF;\">\u8fd1\u65e5\uff0c\u4e13\u5bb6\u5728\u8c03\u67e5\u4e2d\u53d1\u73b0\uff1a\u852c\u83dc\u5403\u5f97\u5c11\uff0c\u662f\u5b69\u5b50\u60a3\u4e0a\u8fd1\u89c6\u7684\u91cd\u8981\u56e0\u7d20\u4e4b\u4e00\u3002\u57ce\u5e02\u5b66\u751f\u8fd1\u89c6\u7387\u8fdc\u8fdc\u9ad8\u4e8e\u519c\u6751\u5b66\u751f\u3002\u519c\u6751\u5b69\u5b50\u6bcf\u5929\u5403\u4ece\u5730\u91cc\u76f4\u63a5\u91c7\u6765\u7684\u7eff\u8272\u852c\u83dc\uff0c\u53f6\u9ec4\u7d20\u6444\u5165\u91cf\u5341\u5206\u5145\u5206\u3002</span>", "time": "2013-04-02T17:12:16"}}, {"pk": 325, "model": "post.post", "fields": {"cover_image": "covers/pic3.jpg", "title": "\u4e0d\u540c\u4e8b\u7269\u653e\u51b0\u7bb1\u4e0d\u540c\u5c42", "author": 4, "text": "<span style=\"font-family:Arial, Helvetica, sans-serif;font-size:14px;line-height:23px;background-color:#FFFFFF;\">\u4f60\u662f\u4e0d\u662f\u4e60\u60ef\u6027\u5730\u628a\u4ece\u8d85\u5e02\u4e70\u56de\u6765\u7684\u4e1c\u897f\u4e00\u80a1\u8111\u513f\u5730\u585e\u8fdb\u51b0\u7bb1\uff0c\u4ee5\u4e3a\u5c31\u6b64\u653e\u8fdb\u4e86\u4fdd\u9669\u7bb1\uff0c\u53ea\u7b49\u968f\u53d6\u968f\u5403\u51b0\u7bb1\u98df\u7269\u5b58\u653e\u7684\u662f\u6709\u8bb2\u7a76\u7684\uff0c\u4e0d\u540c\u98df\u7269\u653e\u5728\u4ec0\u4e48\u4f4d\u7f6e\uff0c\u600e\u4e48\u653e\uff0c\u653e\u591a\u4e45\uff0c\u90fd\u8981\u6ce8\u610f\u7684\u3002\u4e0b\u9762\uff0c\u5c0f\u7f16\u5c31\u4e0e\u4f60\u5206\u4eab\u4e00\u5f20\u51b0\u7bb1\u50a8\u7269\u5206\u5e03\u56fe\uff0c\u770b\u770b\u4f60\u662f\u5426\u653e\u5bf9\u98df\u7269\u4e86\u3002</span>", "time": "2013-04-02T17:12:59"}}, {"pk": 326, "model": "post.post", "fields": {"cover_image": "covers/pic_5.png", "title": "\u6d0b\u8471\u8d8a\u62c9\u8d8a\u5065\u5eb7", "author": 4, "text": "<span style=\"font-family:Arial, Helvetica, sans-serif;font-size:14px;line-height:23px;background-color:#FFFFFF;\">\u6d0b\u8471\u662f\u4e00\u79cd\u5f88\u666e\u901a\u7684\u5bb6\u5e38\u83dc\uff0c\u4f46\u4e5f\u6709\u5f88\u591a\u4eba\u4e0d\u559c\u6b22\u5176\u7279\u6709\u7684\u8f9b\u8fa3\u9999\u6c14\u3002\u548c\u5e26\u751c\u5473\u7684\u6d0b\u8471\u76f8\u6bd4\uff0c\u6709\u8fa3\u5473\u7684\u6d0b\u8471\u6709\u5f88\u597d\u7684\u4fdd\u5065\u4f5c\u7528\u3002</span>", "time": "2013-04-02T17:13:47"}}, {"pk": 327, "model": "post.post", "fields": {"cover_image": "covers/fenlei_8.jpg", "title": "\u751c\u54c1\u63a7\u7684\u7626\u8eab\u98df\u8c31", "author": 4, "text": "<span style=\"font-family:Arial, Helvetica, sans-serif;font-size:14px;line-height:23px;background-color:#FFFFFF;\">\u5927\u90e8\u5206\u4eba\u65e0\u6cd5\u6210\u529f\u51cf\u80a5\u5c31\u662f\u56e0\u4e3a\u751c\u54c1\u4e00\u76f4\u662f\u65e0\u6cd5\u5272\u820d\u7684\u4e00\u79cd\u60c5\u6000\u3002\u8702\u871c\u52a0\u918b\u51cf\u80a5\u6cd5\u80fd\u5728\u4e00\u5b9a\u7a0b\u5ea6\u4e0a\u8ba9\u55dc\u751c\u7684\u5973\u751f\u66f4\u5bb9\u6613\u5b8c\u6210\u4e14\u575a\u6301\uff0c\u5e2e\u52a9\u4f60\u8fbe\u5230\u51cf\u80a5\u76ee\u7684\u3002</span>", "time": "2013-04-02T17:14:43"}}, {"pk": 328, "model": "post.post", "fields": {"cover_image": "covers/fenlei_1_1.jpg", "title": "\u591a\u5403\u6c34\u679c\u63d0\u9ad8\u514d\u75ab\u529b", "author": 4, "text": "<span style=\"font-family:Arial, Helvetica, sans-serif;font-size:14px;line-height:23px;background-color:#FFFFFF;\">\u4efb\u4f55\u79cd\u7c7b\u7684\u6c34\u679c\u5747\u53ef\u63a5\u53d7\uff0c\u5927\u591a\u6570\u662f\u65b0\u9c9c\u6c34\u679c\uff0c\u52a0\u4e0a\u90e8\u5206\u4ee5\u4e0d\u540c\u65b9\u5f0f\u51c6\u5907\u7684\u6c34\u679c\uff1b\u65b0\u9c9c\u73b0\u69a8\u7684\u852c\u83dc\u6c41\uff1b\u6c34\u679c\u6c99\u62c9\uff1b\u6c34\u679c\u51b7\u6c64\uff1b\u9999\u8549\u6ce5\u3001\u78e8\u788e\u7684\u751f\u82f9\u679c\u3001\u82f9\u679c\u9171\uff0c\u4ee5\u53ca\u67d0\u4e9b\u5176\u4ed6\u6c34\u679c\u3002</span>", "time": "2013-04-02T17:15:23"}}, {"pk": 329, "model": "post.post", "fields": {"cover_image": "covers/fenlei_3_1.jpg", "title": "\u665a\u4e0a\u559d\u9178\u5976\u66f4\u8865\u9499", "author": 5, "text": "<span style=\"font-family:Arial, Helvetica, sans-serif;font-size:14px;line-height:23px;background-color:#FFFFFF;\">\u9178\u5976\u662f\u4ee5\u65b0\u9c9c\u7684\u725b\u5976\u4e3a\u539f\u6599\uff0c\u7ecf\u8fc7\u5df4\u6c0f\u6740\u83cc\u540e\u518d\u5411\u725b\u5976\u4e2d\u6dfb\u52a0\u6709\u76ca\u83cc\uff0c\u7ecf\u53d1\u9175\u540e\uff0c\u518d\u51b7\u5374\u704c\u88c5\u7684\u4e00\u79cd\u725b\u5976\u5236\u54c1\u3002\u76ee\u524d\u5e02\u573a\u4e0a\u7684\u9178\u5976\u5236\u54c1\u591a\u4ee5\u51dd\u56fa\u578b\u3001\u6405\u62cc\u578b\u548c\u6dfb\u52a0\u5404\u79cd\u679c\u6c41\u679c\u9171\u7b49\u8f85\u6599\u7684\u679c\u5473\u578b\u4e3a\u591a\u3002</span>", "time": "2013-04-02T17:16:07"}}, {"pk": 330, "model": "post.post", "fields": {"cover_image": "covers/fenlei_3_2.jpg", "title": "\u6625\u5929\u6e05\u80a0\u9632\u4fbf\u79d8", "author": 5, "text": "<span style=\"font-family:Arial, Helvetica, sans-serif;font-size:14px;line-height:23px;background-color:#FFFFFF;\">\u767d\u9886\u5973\u6027\u4f53\u5185\u6bd2\u7d20\u7684\u4e3b\u8981\u8bf1\u56e0\u5c31\u662f\u4fbf\u79d8\uff0c\u4e5f\u79f0\u4e3a\u529e\u516c\u5ba4\u767d\u9886\u7684\u804c\u4e1a\u6740\u624b\u3002\u6839\u636e\u4e2d\u533b\u7406\u8bba\uff0c\u767d\u9886\u7684\u4fbf\u79d8\u4e3b\u8981\u5206\u4e3a\u4e24\u7c7b\uff1a\u70ed\u79d8\u548c\u865a\u79d8\uff0c\u865a\u79d8\u53c8\u5206\u4e3a\u6c14\u865a\u548c\u8840\u865a\u3002\u70ed\u79d8\u662f\u7531\u4f53\u5185\u70ed\u6bd2\u5f15\u8d77\u7684\u9700\u8981\u6da6\u80a0\u6765\u901a\u4fbf\u3002\u800c\u6c14\u865a\u5219\u662f\u5927\u80a0\u4f20\u5bfc\u65e0\u529b\uff0c\u8840\u865a\u5219\u56e0\u6d25\u67af\u4e0d\u80fd\u6ecb\u6da6\u5927\u80a0\u3002\u4e4d\u4e00\u770b\u75c7\u72b6\u5dee\u672a\u51e0\uff0c\u4f46\u75c5\u56e0\u5f80\u5f80\u4e0d\u540c\u3002\u56e0\u6b64\u5bf9\u4e8e\u4f53\u5185\u6bd2\u7d20\uff0c\u5207\u5fcc\u4e0d\u53ef\u201c\u4e00\u6cfb\u4e86\u4e4b\u201d\u3002</span>", "time": "2013-04-02T17:17:03"}}, {"pk": 331, "model": "post.post", "fields": {"cover_image": "covers/pic_4_3.png", "title": "\u516d\u79cd\u4e8b\u7269\u9632\u6b62\u5fc3\u810f\u75c5", "author": 5, "text": "<span style=\"font-family:Arial, Helvetica, sans-serif;font-size:14px;line-height:23px;background-color:#FFFFFF;\">\u7531\u4e8e\u6211\u4eec\u996e\u98df\u4e60\u60ef\u7684\u539f\u56e0\uff0c\u73b0\u5728\u751f\u6d3b\u597d\u4e86\uff0c\u5404\u79cd\u5927\u9c7c\u5927\u8089\u4e0d\u518d\u7f3a\u5c11\uff0c\u996e\u98df\u4e0a\u9762\u786e\u5b9e\u5f88\u597d\uff0c\u4f46\u662f\u5065\u5eb7\u72b6\u51b5\u5374\u51fa\u73b0\u4e86\u95ee\u9898\u3002\u6bd4\u8f83\u5178\u578b\u7684\u5c31\u662f\u5404\u79cd\u5fc3\u8840\u7ba1\u75be\u75c5\u7684\u53d1\u4f5c\u3002\u5fc3\u8840\u7ba1\u75be\u75c5\u9ad8\u53d1\u7684\u4e00\u5927\u539f\u56e0\u5c31\u662f\u957f\u671f\u996e\u98df\u4e0d\u826f\u9020\u6210\u7684\u8840\u7ba1\u8001\u5316\uff0c\u800c\u8840\u7ba1\u8001\u5316\u4e3b\u8981\u662f\u56e0\u4e3a\u6211\u4eec\u7684\u8840\u7ba1\u6ca1\u6709\u53ca\u65f6\u6e05\u7406\uff0c\u5176\u5b9e\u6211\u4eec\u53ea\u8981\u5728\u98df\u7269\u4e2d\u591a\u5403\u4e00\u4e9b\u80fd\u5e2e\u52a9\u6211\u4eec\u758f\u901a\u548c\u6e05\u7406\u8840\u7ba1\u7684\u98df\u7269\uff0c\u6211\u4eec\u5c31\u80fd\u5f88\u597d\u7684\u9884\u9632\u8840\u7ba1\u786c\u5316\u3002</span>", "time": "2013-04-02T17:17:51"}}, {"pk": 332, "model": "post.post", "fields": {"cover_image": "covers/pic_6_1.png", "title": "\u5e38\u5403\u6cb9\u6761\u6613\u60a3\u8111\u762b", "author": 5, "text": "<span style=\"font-family:Arial, Helvetica, sans-serif;font-size:14px;line-height:23px;background-color:#FFFFFF;\">\u5982\u679c\u5b55\u5987\u6bcf\u5929\u5403\u4e24\u6839\u6cb9\u6761\uff0c\u5c31\u7b49\u4e8e\u5403\u4e863\u514b\u660e\u77fe\uff0c\u8fd9\u6837\u5929\u5929\u79ef\u84c4\u8d77\u6765\uff0c\u5176\u6444\u5165\u7684\u94dd\u76f8\u5f53\u60ca\u4eba\u4e86\u3002 \u5728\u7f8e\u56fd\u957f\u5c9b\u5730\u533a\uff0c\u957f\u671f\u6d41\u884c\u7740\u4e00\u79cd\u9707\u98a4\u9ebb\u75f9\u6027\u795e\u7ecf\u7cfb\u7edf\u75be\u75c5\uff0c\u540e\u7ecf\u8fc7\u79d1\u5b66\u5bb6\u8bd5\u9a8c\uff0c\u53d1\u73b0\u5f53\u5730\u571f\u58e4\u4e2d\u542b\u94dd\u7684\u6210\u5206\u9ad8\u5f97\u60ca\u4eba\u3002\u53c8\u6709\u4eba\u7528\u542b\u94dd\u9ad8\u7684\u9972\u6599\u5582\u517b\u52a8\u7269\u6216\u76f4\u63a5\u628a\u94dd\u6ce8\u5165\u732b\u7684\u8111\u5185\uff0c\u7ed3\u679c\u8fd9\u4e9b\u52a8\u7269\u90fd\u53d8\u6210\u4e86\u75f4\u5446\u3002\u4e5f\u6709\u79d1\u5b66\u5bb6\u89e3\u5256\u4e86\u4e00\u4e9b\u56e0\u75f4\u5446\u800c\u6b7b\u4ea1\u7684\u75c5\u4eba\uff0c\u540c\u6837\u53d1\u73b0\u5176\u5927\u8111\u4e2d\u542b\u6709\u9ad8\u6d53\u5ea6\u7684\u94dd\u5143\u7d20\uff0c\u6700\u9ad8\u8005\u53ef\u8fbe\u6b63\u5e38\u4eba\u768430\u500d\u4ee5\u4e0a\u3002\u7531\u6b64\u5224\u65ad\u94dd\u7684\u8d85\u91cf\u5bf9\u4eba\u7684\u5927\u8111\u662f\u6781\u4e3a\u4e0d\u5229\u7684\u3002</span>", "time": "2013-04-02T17:18:37"}}, {"pk": 1, "model": "comment.comment", "fields": {"text": "aaaaaaaaaaa", "post": 1, "user": 1, "time": "2013-03-25T15:02:06"}}, {"pk": 2, "model": "comment.comment", "fields": {"text": "bbbbbbbbbbbb", "post": 1, "user": 1, "time": "2013-03-25T15:02:14"}}, {"pk": 3, "model": "comment.comment", "fields": {"text": "ccccccccccccc", "post": 1, "user": 1, "time": "2013-03-25T15:03:26"}}, {"pk": 4, "model": "comment.comment", "fields": {"text": "bbbbbbbbbbbb", "post": 1, "user": 1, "time": "2013-03-25T15:55:10"}}, {"pk": 5, "model": "comment.comment", "fields": {"text": "aaaaaaaaaaa", "post": 1, "user": 1, "time": "2013-03-25T15:55:49"}}, {"pk": 6, "model": "comment.comment", "fields": {"text": "11111", "post": 13, "user": 1, "time": "2013-03-25T16:46:22"}}, {"pk": 7, "model": "comment.comment", "fields": {"text": "221211212", "post": 13, "user": 1, "time": "2013-03-25T16:46:26"}}, {"pk": 8, "model": "comment.comment", "fields": {"text": "3131313131313", "post": 13, "user": 1, "time": "2013-03-25T16:46:31"}}, {"pk": 9, "model": "comment.comment", "fields": {"text": "41411414141", "post": 13, "user": 1, "time": "2013-03-25T16:46:34"}}, {"pk": 10, "model": "comment.comment", "fields": {"text": "414141", "post": 13, "user": 1, "time": "2013-03-25T16:47:16"}}, {"pk": 11, "model": "comment.comment", "fields": {"text": "dfkdskfsdfkldsfsdfgsdfsdf", "post": 13, "user": 1, "time": "2013-03-25T16:48:24"}}, {"pk": 12, "model": "comment.comment", "fields": {"text": "212121", "post": 2, "user": 1, "time": "2013-03-26T10:04:06"}}, {"pk": 13, "model": "comment.comment", "fields": {"text": "3313131", "post": 257, "user": 1, "time": "2013-03-26T12:01:59"}}, {"pk": 14, "model": "comment.comment", "fields": {"text": "", "post": 267, "user": 1, "time": "2013-03-26T12:08:18"}}, {"pk": 15, "model": "comment.comment", "fields": {"text": "qqqqq", "post": 267, "user": 1, "time": "2013-03-26T12:08:23"}}, {"pk": 16, "model": "comment.comment", "fields": {"text": "w1w12w1w1w1w1", "post": 169, "user": 1, "time": "2013-03-26T13:06:05"}}, {"pk": 17, "model": "comment.comment", "fields": {"text": "11111", "post": 1, "user": 1, "time": "2013-03-29T14:27:07"}}, {"pk": 18, "model": "comment.comment", "fields": {"text": "\u6211\u6211\u6211\u6211\u6211\u6211\u6211\u6211\u6211\u6211\u6211\u6211\u6211\u6211w", "post": 263, "user": 1, "time": "2013-04-01T17:32:08"}}, {"pk": 72, "model": "follow.userfollow", "fields": {"following": 2, "user": 1, "time": "2013-04-02T16:48:53"}}, {"pk": 2, "model": "advertisement.advertisement", "fields": {"image": "advertisement/slide_pic1.jpg", "user": 1, "time": "2013-03-29T13:44:55"}}, {"pk": 3, "model": "advertisement.advertisement", "fields": {"image": "advertisement/slide_pic2.jpg", "user": 1, "time": "2013-03-29T13:45:06"}}, {"pk": 4, "model": "advertisement.advertisement", "fields": {"image": "advertisement/slide_pic1_1.jpg", "user": 1, "time": "2013-03-29T13:45:19"}}, {"pk": 5, "model": "advertisement.advertisement", "fields": {"image": "advertisement/slide_pic2_1.jpg", "user": 1, "time": "2013-03-29T13:45:35"}}]